Country,CountryCode,Region,AdolescentFertility,Agriculture,CO2,Electric,Energy,Exports,Fertility,Forest,GDP,GDPGrowth,TechExports,Immunization,Imports,Industry,Internet,LifeExpectancy,Military,Mobile,Mortality,StatisticalCapacity,PopulationDensity,PopulationGrowth,Population,HIV,SecondarySchool,SurfaceArea,TaxRevenue,PopulationGrowthUrban,AgeDependency,Agricultural,AirPassengers,AirDepartures,ArmedForces,ATM,BirthRate,Cereal,ComputerExports,ComputerImports,DeathRate,Broadband,BroadbandPer100,Telephone,GDPperCapita,Hospital,TechExportsUSD,Household,HouseholdAdj,ICTServiceExports,ICTServiceExportsUSD,ICTGoodsImports,ICTGoodsExports,Unemployment,Nurses,PopulationChildren,PopulationAdult,PopulationElderly,Renewable,SecureInternetTotal,SecureInternet
Afghanistan,AFG,Asia,92.9698,24.50744042,0.420932656,,,6.107274005,5.395,13500,17930239400,6.113685169,,65,44.19394807,23.47175158,5,60.06536585,1.778592618,60.32631999,102.6,51.11111111,44.58150293,2.461437265,29105480,0.1,51.77018,652860,8.854568097,4.008798962,101.1867576,379100,2279341.18,25021,4.691982741,0.641864957,36.556,4681020,80.73789569,26.83093575,8.375,,,13509,616.0434186,,,16318337640,19489518776,45.25569881,1573084342,0.332243175,,,,48.07777405,49.70506287,2.217166662,10.80752489,22,0.755871403
Albania,ALB,Europe,16.1458,20.95814683,1.60703771,2195.00272,770.3402667,34.01367344,1.748,7751.6,12890866743,2.545359489,0.530148791,99,56.74914503,14.2548852,49,77.16321951,1.527305355,98.29153459,15.9,70,106.0138686,-0.283303108,2904780,0.1,,28750,,1.773496394,47.97724699,12010,829778.9239,10373.21094,1.182647238,32.75509422,12.651,701200,28.98950291,8.125562154,6.71,128210,4.065147629,338844,4437.811725,2.43,6202700,10049675405,10357510283,10.5392145,296619954.1,3.579902835,0.523498088,,,22.07596207,67.57803345,10.34610367,36.15232225,44,15.14744662
Algeria,DZA,Africa,9.963799,8.325329378,3.22420156,1090.565936,1108.281628,38.97170882,2.829,14832,1.99071E+11,2.800018252,0.161139885,95,28.73931352,50.93866495,14,70.75168293,4.346310989,94.31443964,26.6,62.22222222,15.85519914,1.871447021,37762962,0.1,97.60729,2381740,37.36184931,2.877828528,46.8958664,413830,3543663,53286,2.658968734,5.900933197,24.658,3728263,66.84721722,65.66520249,5.855,980752,2.597126783,3059336,5271.590312,,2407114,62357632168,62264391184,61.48399722,2291802598,3.352263374,0.00304572,71.40000153,,27.21127701,68.07543945,4.713290215,0.179939197,34,0.900353103
Andorra,ADO,Europe,,0.496471161,6.310640211,,,,,160,3427235709,-4.802675037,,99,,12.56956275,81,,,83.53432222,3.2,,165.6702128,-0.053924969,77865,,,470,,-0.690816103,,203,,,,,,,,,,25763,33.08675271,38401,44015.09932,,,,,,,,,,,,,,,89,1143.003917
Angola,AGO,Africa,174.575,9.289702414,1.47221569,248.4577927,685.5350886,65.35270914,6.099,583552,1.04116E+11,3.918596986,,88,42.16294152,62.123355,14.776,51.05931707,3.495619369,59.82618856,177.5,47.77777778,16.18712601,3.178581885,20180490,2.2,31.51639,1246700,19.94459642,5.161434561,100.50402,583900,987798,12282,1.588570763,15.43821402,45.566,1412826,8.114630179,80.79718706,14.547,23101,,159485,5159.233877,,,46221190773,46221201419,6.03772536,44211804.56,,,,,47.7131691,49.8742981,2.412508249,57.70308053,62,3.072274261
Antigua and Barbuda,ATG,North America,50.50901,2.272136638,5.823804338,,,47.59244162,2.115,98,1129918370,-1.793435604,0,99,56.78675706,17.08035685,52,75.50036585,,199.6642164,9.9,46.66666667,200.3454545,1.047989749,88152,,106.11655,440,18.07406867,-1.155675831,49.2162638,90,1424420.155,36533.604,,76.43390065,16.763,90,6.462981663,24.28729193,6.218,6000,6.806425265,35484,12817.84157,2.1,0,797989222.2,798265888.9,6.299454185,30338470.74,3.800763355,12.10845768,,,25.7918148,67.01605988,7.190988064,,96,1089.028042
Argentina,ARG,South America,54.8632,7.49246451,4.665868631,2967.388776,1962.415604,17.56371621,2.201,291602,5.59849E+11,8.386451456,7.480739359,95,16.00784378,31.12764498,51,75.83860976,0.720326046,149.0906224,14.2,85.55555556,14.88248139,0.87423751,40728738,,91.93817,2780400,,1.057653731,54.69624585,1475480,8590839.85,90214.52053,0.560994451,47.91404235,17.057,49098463,49.85726618,36.70862808,7.724,4572023,,9722525,13745.79886,4.5,1978069865,3.62329E+11,3.62329E+11,45.40271295,7017536080,8.42374958,0.104437631,26.20000076,,24.6366272,64.64280701,10.72056293,8.951076371,1370,33.63718267
Armenia,ARM,Europe,27.2998,22.81541556,1.67383608,1754.652308,916.257439,23.75685346,1.738,2578,10142111334,4.699999999,2.598362316,97,47.35401166,33.83886746,32,74.33219512,3.8539466,108.336201,17.2,92.22222222,104.113804,0.021053995,2964120,0.2,,29740,17.21941905,-0.308245936,44.52337755,17106,392312,5561,3.731411466,42.77172629,14.033,435470,35.57684908,12.04903012,8.644,160573,5.417223324,586943,3421.62643,3.95,5737622,8485801779,8457390036,13.64509475,141403271.6,4.193539169,0.729609737,52.70000076,4.916,20.4136467,69.19297791,10.39340496,8.019003157,86,29.01367016
Australia,AUS,Oceania,12.8522,2.455978498,16.51920992,10712.16396,5500.224216,21.17049575,1.927,1483760,1.38807E+12,2.321478902,13.06709696,94,20.12955788,28.46050149,79.48769771,81.89512195,1.831496628,104.610551,4.5,,2.90798641,1.389527316,22340024,0.2,133.04507,7741220,20.46119479,1.549427001,48.39131748,4096726,63360310.34,593145.0025,0.480124851,166.594564,13.6,39987043,21.99942832,26.52642891,6.6,5552000,24.41455206,10573000,62133.61078,,4859392142,7.48679E+11,7.48679E+11,17.79038207,9189276755,9.827800908,0.845926462,18.89999962,10.648,18.91994476,67.38938141,13.69066715,7.477579186,45301,2027.795494
Austria,AUT,Europe,5.526,1.609330625,7.769983423,8389.656233,3950.725025,53.66340002,1.43,38920,4.29073E+11,3.071425817,11.66917993,76,51.14460193,28.54335571,78.7399931,80.98292683,0.794622175,154.426039,4.2,,101.8292055,0.337080842,8391643,,97.96985,83879,17.89313679,0.346183705,48.53957051,28690,14088251.66,166729.9973,0.534524538,113.4829839,9.3,6014910,33.25011514,36.16234176,9.1,2097700,24.87522071,3388000,51130.96905,7.6,15705949135,2.29806E+11,2.29415E+11,27.53836193,16293240446,4.936106381,3.7939034,25.89999962,7.914,14.60754299,67.32214355,18.07032967,31.45927804,8362,996.4675571
Azerbaijan,AZE,Europe,40.1008,5.393453691,3.647379147,1705.424633,1369.350999,56.42698053,1.96,9360,65951627200,0.065922768,1.347690121,92,24.08106448,65.58119043,50,70.55129268,4.670135555,109.9720704,37.2,76.66666667,110.9763362,1.303000855,9173082,0.1,99.52384,86600,12.22476095,1.717863041,39.28735853,47687,1348414,15082,1.771344211,29.95398145,19.2,2370788.8,29.5085051,51.10900224,5.9,973869,10.58273509,1683876,7189.691229,4.55,8042867,24572622515,24572622515,14.13958484,430198000,3.458040033,0.003807888,,6.84,22.40792465,71.79402161,5.798054218,3.556330556,43,4.687628433
"Bahamas, The",BHS,North America,29.1272,2.337074713,5.205237886,,,43.64270097,1.898,5150,7889750000,0.612902596,0,90,57.3193067,17.12292532,65,74.75490244,,81.5628489,13.6,,36.5965035,1.605088743,366331,3.4,,13880,16.4378339,1.67415331,41.24780221,150,1056129.595,28393,0.401606426,75.97267841,15.479,687,7.055837709,39.62590253,5.958,15496,4.230054241,132995,21537.21634,2.9,0,5535720000,5535720000,,,2.739836534,1.689290456,51.90000153,,22.02980423,70.79717255,7.172475338,1.608499378,146,398.5466695
Bahrain,BHR,Asia,13.9646,,18.13127841,17268.42641,9649.665368,79.00228651,2.115,5.4,29044069149,2.100184109,0.152283226,99,47.80428128,,76.9999665,76.40204878,3.558028564,131.009991,7.2,,1701.005263,3.242934249,1292764,,101.4903,760,1.103893772,3.288132101,27.99219829,83.6,5590998.041,60778.71626,2.658829541,,15.922,,35.73273079,18.61821445,2.301,291521,,276523,22466.64445,,1619723,11240425532,11240345745,27.96965784,921808510.6,3.3403478,0.572224089,,2.412,19.80864334,78.12988281,2.061629295,,156,120.6716771
Bangladesh,BGD,Asia,82.2086,17.71316726,0.373339091,259.2919643,207.3266714,19.92207496,2.24,14394,1.28638E+11,6.46438388,0.174566158,91,27.49877488,26.39095362,4.5,69.89180488,1.277476751,55.19256723,46.1,68.88888889,1174.329193,1.142792111,152862431,0.1,50.7939,148460,8.685927392,3.616697448,55.72092935,91280,2022388.572,26535,0.296391708,3.60616781,20.614,52628576,67.69320073,6.340643423,5.817,468500,0.306484724,977700,841.5274955,0.6,39378724,95552865019,96553424055,35.4521182,941235499.2,3.441030569,0.04392006,,0.218,31.11987877,64.21744537,4.662678719,39.55373848,96,0.628015657
Barbados,BRB,North America,48.5976,1.568083167,5.556376063,,,38.98692061,1.842,83.6,4358000000,0.75850389,13.6876076,93,52.47590638,14.75772544,67,74.96714634,,123.4606322,14.7,,655.3581395,0.50089041,281804,0.9,104.66018,430,,0.016684742,42.08578502,150,,,0.375451619,32.47465657,12.802,310,,,9.214,62634,22.22608622,140668,15464.64919,,21207630,3327450000,3416600000,,,5.034157978,0.664384483,17,,19.138834,70.37976837,10.48104382,9.477269649,110,390.3422237
Belarus,BLR,Europe,21.0076,9.436940363,6.682510398,3628.523171,3097.712868,81.12894265,1.51,86688,59734593905,5.543711461,2.571723438,99,82.20789837,42.7168048,39.64889566,70.55365854,1.266061741,113.1688625,5.6,85.55555556,46.68572273,-0.179296573,9473000,0.4,106.30276,207600,15.0015968,0.396672221,40.40403696,88750,737599,14378,3.539703261,41.1684962,11.5,7980641,27.92750763,32.34125205,14.3,2098068,22.2008592,4207978,6305.773662,11.3,510644600,28473817357,29587165751,17.26357073,968400000,1.7070987,0.377957072,,10.529,14.94635487,71.22302246,13.83062363,7.378484668,117,12.35089201
Belgium,BEL,Europe,7.4444,0.695978659,8.849398302,8021.366172,5369.192389,81.42216022,1.81,6788.4,5.281E+11,1.618317967,10.00503949,95,80.80228472,23.38594058,81.609996,80.58536585,1.041285551,113.5309512,4.5,,364.8528402,1.160536579,11047744,,106.46234,30530,24.00984431,1.207637765,51.8926454,13370,8638553.1,131577,0.699042425,93.11823214,11.6,2939102,53.93473904,48.42106359,9.4,3543759,32.1965793,4634252,47801.5969,6.53,34680646884,2.71202E+11,2.71201E+11,41.88938434,41682323937,3.404014051,2.19186281,48.29999924,,16.81137276,65.83598328,17.35266495,5.461707355,6600,597.4070362
Belize,BLZ,North America,72.8594,13.13107301,1.739123561,,,60.0944139,2.756,13834,1487005600,2.103950804,4.838283915,98,63.10406632,22.60025251,30.7,73.48780488,1.036747945,70.31965347,17.7,56.66666667,13.86584831,2.459815961,316280,1.5,81.14424,22970,22.56622302,1.913059614,63.49444301,1570,179471.4135,31755,0.778931751,40.33022307,24.097,91767,11.52963023,19.95653146,4.541,9698,3.066270393,28844,4701.547995,1.1,268516,1045026950,1049311050,9.797659347,33330251.35,2.421316537,0.478286415,,,34.93075943,61.16415787,3.905084133,26.80029526,107,338.3078285
Benin,BEN,Africa,93.19621,36.85769478,0.509941159,,385.3940701,14.26245712,5.01,45110,7289779658,3.26371861,0.427288091,70,23.97523112,14.73277527,4.148323066,58.94490244,,79.40049868,92.1,58.88888889,86.73106598,2.799588715,9779795,1.2,47.6815,114760,15.8894019,3.755479204,85.43843276,34300,58314.1,1381,0.233633538,2.753759831,37.369,1544233,24.03527828,20.84500357,9.708,37535,0.383801501,152715,745.3918675,,202121,5576581834,5576793759,21.14826797,86952630.79,2.081428553,0.012262212,,,43.18858337,53.92624283,2.885152578,51.19204405,7,0.715761424
Bhutan,BTN,Asia,42.9184,17.11552217,0.769164648,,,41.20541495,2.322,32598,1820207626,7.890913893,8.75611E-05,95,70.48616833,42.96662882,21,67.46073171,,66.37918152,40.1,77.77777778,19.13657948,1.727127602,729429,0.1,69.69344,38394,,3.97764081,50.87389445,5200,226153.1266,4146.031775,,13.92577165,20.199,184333,0.691045109,27.78657981,6.599,13233,1.814158746,27490,2495.386975,1.8,272,748381311.5,756507093.3,,,2.383538678,15.8746121,,,29.11894035,66.28033447,4.600447655,89.96231256,4,5.483741392
Bolivia,BOL,South America,73.14279,12.52910323,1.561355792,621.4377625,760.0963538,44.11838354,3.308,568884,23948541156,5.173930421,13.2677502,96,38.41192401,38.94716398,30,66.62692683,1.467696914,80.90771949,42.2,70,9.530550171,1.639054544,10324445,0.3,77.27046,1098580,,2.282810461,67.73506273,370550,2125912.527,40751.45072,1.731425159,24.50978897,26.201,1988006.81,27.9153554,24.10334626,7.218,73542,0.712309475,878483,2319.595984,1.1,48204595,14595728269,14595728269,9.829926282,93191470.11,3.434803526,5.65809E-05,,1.005,35.6253624,59.6178093,4.756798267,32.67759038,96,9.298320636
Bosnia and Herzegovina,BIH,Europe,15.4918,8.392444687,6.185334807,3188.583818,1845.512307,31.13430853,1.255,21850,18318439121,0.957763336,3.043084153,89,55.30801935,27.26195811,47.77,75.96241463,1.156672155,82.60007887,7.2,67.77777778,75.28082353,-0.171939775,3839322,,,51210,20.66734614,-0.006363701,47.4910366,21510,40182.43977,1060.065672,0.731618687,37.67688433,8.716,1118257,48.26062931,29.69250186,9.791,430247,11.20632758,955937,4771.269282,,102729055,15585568271,15046170304,7.404260157,138517229,2.566883912,0.136262355,89.69999695,,16.90498924,67.80069733,15.29426289,14.16252417,76,19.79516175
Botswana,BWA,Africa,45.8056,2.716428259,2.443804075,1602.15352,1079.583692,44.40475063,2.712,112326,15682932628,6.048549263,0.868128661,94,51.21078736,40.24712788,8,46.66895122,2.3579621,145.9838697,50.7,63.33333333,3.505551144,0.877650512,1986701,22.8,,581730,23.16799518,1.289307853,60.07083821,258610,415864.0844,7910.25856,1.045396076,27.98892411,24.055,79093,54.71246367,57.11145339,17.289,19125,0.962651149,149578,7893.957183,,44536509,7111384619,7990147597,45.29952997,234249464.6,2.452125339,0.143115966,,,33.9994812,62.47230911,3.528160572,24.54278017,18,9.060246106
Brazil,BRA,South America,71.75079,5.124441896,2.231257237,2437.955027,1371.149472,11.47037612,1.822,5173276,2.61519E+12,3.916382188,9.720194162,99,12.24004032,27.16830822,45.69,73.34736585,1.412373007,119.0023853,15.3,84.44444444,23.56207649,0.879771441,196935134,,,8515770,14.9043981,1.220684859,47.34430687,2750300,87860363,970561,0.691398019,117.7695939,15.332,77586276,57.25796753,46.63989431,6.412,17833051,9.055291779,43025835,13279.44852,2.3,8414889217,1.57638E+12,1.57638E+12,52.86407268,20198895520,8.828039842,0.699902501,16,,25.03590775,67.86824799,7.095844269,45.47028003,10658,54.11934267
Brunei Darussalam,BRN,Asia,23.4054,0.628206532,23.96785089,8506.513953,9527.111131,79.66268462,2.031,3782,16691360425,3.429818477,,91,28.55029612,72.23322555,56,78.18102439,2.488536112,109.015478,9.4,,77.1370019,1.472741253,406512,,103.01517,5770,,1.950957199,42.85428132,114,1312935,11672,4.770623275,78.96051971,16.336,1480,,,3.02,23185,5.70339867,79839,41059.94516,2.79,,3250542712,3138197584,,,,,,7.73,26.16454124,70.00088501,3.833835125,0.015830707,46,113.1577912
Bulgaria,BGR,Europe,37.1128,5.438768227,6.71438251,4863.691441,2614.716164,63.63874017,1.51,39822,55765057234,1.982003144,7.467038084,95,62.66267066,30.00579859,47.97999305,74.16341463,1.486608671,142.8461575,12.6,91.11111111,67.68909359,-0.641228921,7348328,,93.23216,111000,18.29431085,-0.177597399,47.09327557,50880,932868,12297,1.413161945,93.58328715,9.6,7520535,22.35479875,36.72820969,14.7,1256796,17.13862118,2272834,7588.808942,6.4,1015453449,34666960540,34666960540,20.20758005,1515005306,5.612704295,2.128878949,55.70000076,4.684,13.40457726,67.98406982,18.61134911,13.27555917,1040,141.528794
Burkina Faso,BFA,Africa,118.2566,21.67069474,0.120817204,,,25.00369048,5.781,55890,10724061339,6.521769448,5.901046167,89,33.15030805,32.14966265,3,55.4404878,1.299206118,48.02719397,107.8,65.55555556,58.46240132,2.886012163,15995313,1,23.81748,274220,13.74683267,6.106536038,93.44405042,117650,133709.7792,3983.150259,0.158293581,2.216386953,41.971,3666404,,,11.671,14063,0.087919505,141529,670.4502337,,2552612,6393061506,6393061506,,,3.240140802,0.035077793,,,45.84196472,51.69453812,2.463502884,80.01005894,10,0.62518314
Burundi,BDI,Africa,30.9104,40.34738068,0.021908917,,,9.353710467,6.214,1702,2355652064,4.191625681,0.000246442,93,37.66549408,16.89923608,1.11,53.13656098,,20.06827414,89.7,54.44444444,371.5094237,3.277415967,9540362,1.2,25.96215,27830,,5.792275789,86.89730831,22200,,,1.159878255,0.655257191,45.154,339316,53.87094293,14.18691029,13.333,497,0.005209446,30010,246.9143271,1.9,39,1713238294,1713238294,3.477073581,3883279.323,1.709120886,0.179258383,,,44.0124588,53.50530624,2.482211828,96.64631983,1,0.104817826
Cabo Verde,CPV,Africa,72.79021,7.843176073,0.867122204,,,31.47249165,2.375,847.9,1864823991,3.968783812,0.601739492,96,60.28316209,17.7643874,32,74.20682927,0.479638193,80.81218046,27.3,70,121.7260546,0.604199324,490556,0.5,90.40873,4030,19.73131323,1.875514969,57.70315147,750,620394.7511,10658.07129,0.530419562,44.58499094,20.632,5569,7.172276809,17.61094432,5.144,21332,4.348535132,74503,3801.449765,,63455,1170705952,1170703802,5.372708721,31448851.16,3.324688805,,,0.557,30.96017647,63.40988541,5.62932682,21.20173199,8,16.30802599
Cambodia,KHM,Asia,44.8572,36.68384716,0.307803949,164.3860527,365.1423654,54.08075591,2.929,99666,12829541141,7.069569946,0.081956946,93,59.50108761,23.50433819,3.1,71.05109756,1.586611739,94.18821019,41.6,73.33333333,82.74338319,1.66330659,14605862,0.8,,181040,10.15469287,2.452689701,57.71188045,56550,499981.518,7191,2.315872406,5.872609383,26.109,9496000,7.110782428,16.31078676,6.066,22000,0.150624455,530000,878.3830178,0.7,5139291,10630521219,10559097112,6.36161926,173680000,2.116838612,0.048715741,,,31.44817543,63.40678024,5.14507103,72.25212709,36,2.464763805
Cameroon,CMR,Africa,118.8154,23.57125143,0.267620307,259.0721087,321.0502777,18.3872483,4.939,196960,26587311528,4.140591847,5.903446539,76,26.472313,29.57740223,5,54.13736585,1.30693096,49.56740015,100.8,64.44444444,44.7552876,2.546433283,21156272,4.5,47.18849,475440,,3.671759166,86.84593729,96000,171007.2,3036,0.27483232,2.298598034,38.186,2988076,44.31824307,19.18429577,12.306,10713,0.050637466,668965,1256.710612,,26918157,20173407244,20173407244,38.01450327,706342307.8,2.775395552,0.043136585,,,43.24463654,53.52003479,3.235338449,78.44117951,21,0.992613443
Canada,CAN,North America,14.3516,,14.13581338,16167.70687,7366.640208,30.5629786,1.61,3101340,1.7888E+12,2.96010266,13.42582088,98,31.76234764,,83,81.06831707,1.145132185,77.82549309,5.4,,3.776625307,0.987617711,34342780,,103.40475,9984670,11.64838244,1.207298991,44.63329246,625970,66078011.95,1245743.616,0.344588582,206.7130844,11,47271300,52.35765251,36.49464956,7,11282579,32.71506237,18274000,52086.53352,,25017006457,9.91269E+11,9.92719E+11,42.40847409,36177681047,7.985977744,2.483449743,13,9.288,16.38947105,69.14037323,14.47015381,20.69118057,47194,1374.204418
Central African Republic,CAF,Africa,99.99181,54.49983446,0.064475205,,,13.45430713,4.538,225750,2195599557,3.300739707,0.032534632,49,24.42139045,13.87759417,2.2,48.79304878,,22.37140338,147.6,56.66666667,7.12096215,1.964430222,4436217,4.3,18.17666,622980,8.361869757,2.493595299,79.31586019,50800,,,0.151279827,0.907102834,34.767,259000,,,15.724,810,0.0182588,815,494.9260951,1,1394,1994902190,1994902896,,,5.898066201,,,,40.35940933,55.76751709,3.87307477,78.37461437,,
Chad,TCD,Africa,157.9878,53.10902672,0.044623125,,,38.87725693,6.486,114458,12156380062,0.082869798,,54,41.80381796,13.08011047,1.9,50.23619512,5.015529853,30.34478288,156.1,54.44444444,9.593422014,3.019083526,12080037,2.8,23.45654,1284000,,3.314358024,104.7471363,499320,74653.8,984,0.785239746,0.483986957,46.957,1553289,,,15.046,15799,,31839,1006.319771,,,8262767075,8262767075,,,,,,,48.68795395,48.84072876,2.471308708,90.60723977,,
Chile,CHL,South America,55.932,3.583293401,4.58786833,3568.084003,1945.547981,38.05062218,1.844,162686,2.50832E+11,5.839640585,4.604735767,91,34.89657778,38.71906466,52.24960729,79.3065122,2.168819341,128.9269073,8.6,94.44444444,23.2786874,0.915227629,17308449,0.3,89.86536,756096,18.96572659,1.145250109,45.28465836,157890,10949863,123739,1.243267035,64.36113711,14.191,3950348,22.28138688,21.99380396,5.483,2011244,11.62001286,3366325,14491.90292,2.1,507261557,1.53034E+11,1.53034E+11,21.50648648,2818485724,7.07664255,0.36010342,,,21.73189545,68.83039856,9.437714577,28.72208538,1165,67.3081684
China,CHN,Asia,8.5164,9.533373199,6.710301991,3298.024001,2043.638808,25.4564374,1.657,2096239.4,7.49243E+12,9.484506202,25.8079484,99,23.3744894,46.14324651,38.3,75.042,1.965407587,72.0713209,14.7,68.88888889,143.1721123,0.479150454,1344130000,,86.6122,9562911,10.39409779,3.178740299,36.09528692,5191482,292160158,2538667,0.376395092,30.28928395,11.93,518832200,52.23039545,27.04705931,7.14,156487000,,285115000,5574.187093,3.8,4.57107E+11,2.61482E+12,2.82512E+12,32.84788366,60690749652,17.9992439,26.76018206,,1.67,18.01361465,73.47792816,8.508454323,18.01648252,3260,2.425360642
Colombia,COL,South America,69.68941,6.848857138,1.538341298,1105.380954,663.8167989,18.7361065,2.346,603980,3.35415E+11,6.589511516,4.327384992,88,19.9327627,37.57691743,40.35091575,73.57385366,3.072783411,98.13425332,18,84.44444444,42.43243984,1.355815601,47078792,0.5,97.06257,1141750,14.55540092,1.734912952,51.89965112,437856,18768534.77,237570.829,1.943084671,32.29797046,19.448,3802548.71,17.72904779,29.96926445,5.545,3348142,7.111784007,7126730,7124.54892,1.4,400794305,2.05359E+11,2.05359E+11,14.12651579,796152772.4,8.500468708,0.097547674,,,28.38772774,65.83293152,5.779334545,26.41774174,996,21.15602286
Comoros,COM,Africa,52.5028,38.78690026,0.225189085,,,15.78089982,4.85,26,586281824.1,2.600000088,,87,52.18883293,11.40998144,5.5,60.4254878,,30.91017629,82.8,50,376.2579258,2.47754119,700216,,,1861,,2.648883934,82.1524358,1550,,,,7.167094636,36.474,33300,28.18358839,5.639725766,9.041,400,,23146,837.2871001,,,598330433.4,598330433.4,,,,,,,42.213974,54.89891815,2.886823416,46.84945014,3,4.284392245
"Congo, Dem. Rep.",ZAR,Africa,134.6404,24.04098649,0.053572611,112.7925772,330.0059601,45.35949161,6.146,1538236,23849009738,6.864630028,,74,49.64383765,33.76212888,1.2,49.30070732,1.00124691,24.47130767,126.4,43.33333333,28.20030965,2.759950183,63931512,1.2,43.141,2344860,,4.016513377,92.78039007,257550,252408.1796,2295,0.533829416,0.500328434,43.585,1529418,44.40673126,20.56935611,15.963,,,56970,373.0399766,,,17899947439,17805147625,19.45921723,143873874.4,,,,,45.28985214,51.87249756,2.837653875,96.26166854,12,0.187700863
"Congo, Rep.",COG,Africa,127.4716,3.383117567,0.53199527,171.5830537,396.8389432,87.28304928,5.046,223990,14425607224,3.42062127,2.560300763,75,57.83572795,76.6256379,5.6,57.77521951,,91.93909914,55.7,50,12.37293997,2.72640112,4225359,2.8,,342000,,3.416747727,84.09929634,105600,438178.4704,4817,0.697017925,2.501476225,38.373,27050,,,10.788,1311,0.031026949,14200,3414.054811,,76127630,5091277532,5091277532,,,0.80999044,0.003608114,,,42.2875061,54.31846237,3.393936396,49.54462806,5,1.183331405
Costa Rica,CRI,North America,61.7618,6.399889156,1.655602109,1843.940494,982.5653062,37.21167651,1.827,26278,41237293551,4.517746474,40.84476379,83,42.19225875,25.35598652,39.212196,79.48956098,,87.66035275,10,76.66666667,92.78652566,1.445594682,4737680,0.2,101.10615,51100,13.69757213,3.01132295,45.07824888,18800,1829514.947,43354,0.435760847,51.01768667,15.502,297476,61.72193165,20.13143495,4.19,419782,8.860497121,1031719,8704.1112,1.2,2511568834,26888082499,26888082499,32.25155041,2157908579,18.21352339,19.48511619,,,24.41213799,68.92837524,6.659567356,40.50231019,526,111.0248054
Cote d'Ivoire,CIV,Africa,129.3156,26.69084412,0.332470412,213.5641993,598.6109611,53.82022214,4.907,104026,25381617036,-4.387259842,15.08146787,49,37.33487243,24.21414869,2.9,50.04756098,1.407830605,89.44962943,106.2,67.77777778,60.97469811,2.154908805,19389954,3,,322460,10.93157771,3.623585661,81.09671829,205000,89791.86777,907,,4.693615721,36.637,1607414,,,14.638,,,276494,1309.008626,,155140853,17076685016,17149101744,,,3.082330227,0.054383265,,,41.65411758,55.21911621,3.126773834,79.31484698,19,0.979888864
Croatia,HRV,Europe,12.9058,4.668419045,4.801530011,3900.601361,1971.411631,40.40536762,1.48,19234,62236755927,-0.281367268,7.556706881,96,40.86780301,27.02243907,57.78997899,76.77560976,1.77782054,118.3013547,5,86.66666667,76.49431737,,4280622,,97.96422,56590,18.46800566,-2.697859165,48.99033617,13261,1812519,26743,1.152464674,109.4366122,9.6,2829295,15.27529294,46.65969551,11.9,892835,20.64920804,1848031,14539.18518,5.98,672543092,37165927506,37165927506,12.65510569,1619312803,4.214896973,1.548419138,63.79999924,5.798,15.14648342,67.11839294,17.7350502,17.21733332,990,231.2748007
Cuba,CUB,North America,43.5112,4.999046408,3.185683146,1327.85825,994.0859625,25.10344232,1.459,29046,68990140000,2.802964336,,99,21.85703638,20.52558216,16.0172908,78.89382927,3.253218503,11.66313248,6.9,,105.9381154,-0.050669789,11276053,0.2,89.9995,109880,,0.069362073,42.17028277,65700,1478595.959,18302.85837,1.421623362,,9.744,920658,,,7.534,4421,,1193415,6118.288022,5.1,,36468900000,36469340000,,,,,,,16.93421364,70.3381958,12.72760105,19.5278621,,
Cyprus,CYP,Europe,5.688801,2.395846677,6.736166081,4271.334055,2120.944405,49.53681324,1.47,1732.5,27089174646,0.261283105,27.29082761,87,52.95400873,14.95740002,56.85989235,79.47195122,1.770947834,97.70992366,3.8,,120.8347403,1.15558547,1116513,0.1,92.82562,9250,23.71510063,0.940769093,41.30155259,1185,1263117,12430,2.174840085,70.29907445,11.605,73699,26.95423085,17.07420926,6.882,212149,19.00103268,405024,31836.61951,3.5,101643077,17828173215,17828159313,24.98442293,1982092314,4.55895157,5.640873064,20.79999924,,17.44153404,70.77069092,11.78786087,7.415746861,1252,1121.348341
Czech Republic,CZE,Europe,6.1482,2.382647437,10.43108813,6298.727678,4102.784104,71.617314,1.43,26590,2.27307E+11,1.963780536,16.27967942,98,67.66813925,37.05109157,70.49,77.87317073,1.088531477,124.0943746,3.9,,135.8892802,0.206747667,10496088,0.1,96.01708,78870,13.06694245,0.111145922,43.07421571,42290,4902816,61476,0.510281067,43.76218398,10.4,7973177,39.9918746,45.83095517,10.2,2509100,23.64613374,2203900,21656.39764,6.8,23365827816,1.12095E+11,1.12095E+11,30.51087839,7605968738,15.81583935,15.32841501,41.5,8.43,14.33206749,69.89380646,15.77414131,10.23692669,4083,389.0020739
Denmark,DNK,Europe,5.2546,1.53345078,7.248328717,6167.948283,3228.693211,52.94386835,1.75,5460,3.41499E+11,1.152136945,13.76167876,87,47.39479133,23.36498571,89.81001339,79.8,1.32316718,128.661526,3.8,,131.2885223,0.411737855,5570572,0.2,122.80119,43090,32.97931062,0.598214063,53.52320111,26900,,,0.561348191,61.04194715,10.6,8809200,,,9.4,2143247,38.44225815,2481469,61304.0612,,9318396364,1.64714E+11,1.64714E+11,,,7.876788528,3.42117955,24.39999962,,17.80344009,65.13674927,17.05984879,23.95230713,12155,2182.002136
Djibouti,DJI,Africa,19.3082,,0.558725843,,,,3.53,56,1239144502,5.385134251,,84,,,7,60.80307317,,22.80161957,73.8,44.44444444,36.52484901,1.50060947,846646,1.2,39.72392,23200,,1.574645912,60.38482158,17020,,,4.499715076,3.214745055,28.124,14,5.640643974,-1.56319E-13,9.072,11302,1.334914474,18442,1463.592224,,,,,,,,,,,33.86610413,62.34967041,3.783635616,34.44418956,5,5.905655965
Dominica,DMA,North America,,14.73408893,1.74616602,,,37.58193736,,443.9,508518518.5,-0.081766149,,99,52.07574654,15.17000872,51.3135,,,152.5524853,12.1,50,95.20133333,0.328264702,71401,,96.7296,750,22.71667881,0.760616269,,260,,,,51.02012223,,140,21.21917527,21.85669904,,8307,11.63429084,14992,7122.008354,3.8,,412222222.2,412222222.2,19.56671555,30286544.44,,,,,,,,11.5508478,31,434.1675887
Dominican Republic,DOM,North America,101.4106,6.186485541,2.156995478,1380.720837,711.1630752,23.69923972,2.551,19720,58026114991,2.820884489,2.226337874,79,33.79859374,27.7215416,38,73.01304878,0.600695405,86.43207979,29.9,67.77777778,210.0082368,1.297364336,10147598,0.8,75.10193,48670,12.25208714,2.880658381,58.56518759,24470,28232.1,2286,0.867272411,29.5394535,21.547,912362,9.610899943,15.82814536,5.989,423919,4.177530486,1099790,5718.211836,1.7,90873749,43922713797,43922713800,6.565682587,382300000,3.460357698,2.071477819,,1.33,30.84340668,63.06554413,6.091047287,13.20162808,204,20.10327961
Ecuador,ECU,South America,78.32639,9.944893408,2.34333293,1213.001216,912.2469637,31.1211998,2.622,96674,79276664000,7.868140919,3.228655116,94,33.36903909,38.98218249,31.36680836,75.91660976,3.095110057,100.5655994,23.9,82.22222222,61.38863344,1.622705711,15246481,0.4,85.11725,256370,,1.933282137,58.47987008,73460.7,4714115,49193,0.817594833,40.71651235,21.461,2486692,16.61705901,12.44035615,4.941,658923,4.321803831,2210608,5199.669616,1.6,56609383,48657155000,48657155000,,,6.30959041,0.116168286,,2.157,30.6199379,63.09950638,6.280570507,13.22002068,289,18.95519366
"Egypt, Arab Rep.",EGY,Africa,44.1148,14.5170221,2.78099524,1794.893233,961.6033718,20.56742761,2.845,706,2.36002E+11,1.821844376,0.951629975,96,24.68820655,37.63125849,25.6,70.67856098,1.931587776,105.0794228,22.8,88.88888889,79.75535286,1.672454419,79392466,0.1,85.55335,1001450,14.0086354,1.628275631,58.57399887,36650,7708160.107,78726.09091,3.142709715,9.651575501,23.823,22014919,9.724915268,22.39393709,6.592,1845249,2.324211721,8714286,2972.597664,,128064020,1.7834E+11,1.7834E+11,7.044034358,1348200000,3.542542662,0.226806643,,,31.38120651,63.06204224,5.556752682,5.518388319,248,3.123722092
El Salvador,SLV,North America,77.3268,12.51350981,1.068523404,829.5714904,685.8970609,27.98003371,2.236,2826,23139000000,2.21683561,5.587844844,89,46.6632093,26.87804118,18.9,71.86870732,1.106357232,132.9256445,17,87.77777778,301.9421815,0.610001365,6256242,0.5,67.20254,21040,13.4506677,1.390931805,62.12355537,15320,2151274,24699,1.21492195,30.68681644,20.345,923938,47.40635006,23.45203225,6.516,206000,3.292711503,1029742,3698.546188,1,200590617,21580800000,21580700000,10.47237218,171324024.7,5.026148154,0.322020542,,,31.3484993,61.68134308,6.970142841,34.01885684,105,16.78323824
Equatorial Guinea,GNQ,Africa,114.6822,,9.341683473,,,90.98291703,5.044,16142,15711269412,4.995987885,,51,69.4348503,,11.5,52.08490244,,66.8802619,102.3,32.22222222,25.5257041,2.808500627,715996,,,28050,,3.098448901,72.3565591,3040,130197.6,2808,0.349725386,7.571533633,36.25,,,,13.85,1346,,14520,21943.23629,,,2061871752,2061871753,,,,,,,39.12773132,58.0191803,2.852948904,29.81514241,2,2.793311694
Eritrea,ERI,Africa,67.60699,,0.087767907,48.71181685,129.2208199,14.37634524,4.875,15276,2607739837,8.679800386,,99,23.15356945,,0.7,61.71092683,,4.077954414,53.6,32.22222222,58.74110891,3.284393542,5932852,0.7,,117600,,5.124291511,82.52699593,75920,,,7.058828469,,37.945,258135,,,7.21,141,0.002376597,58473,439.5423714,0.7,,2027246899,2026251979,,,,,,,43.05612183,54.7864151,2.157461643,80.78036574,,
Estonia,EST,Europe,18.0184,3.945196319,14.04988252,6314.414448,4237.729191,87.93023568,1.61,22100,22802057270,8.263792513,13.38765176,94,82.11085236,29.1933383,76.5,76.22926829,1.706921567,143.9260625,4.1,83.33333333,31.31490918,-0.303582824,1327439,1.2,109.37402,45230,15.55005547,-0.493242835,49.6495605,9450,614933,13492,0.823239699,87.21583489,11.1,771125,36.23517723,41.39875833,11.5,348946,26.95608645,471908,17177.4803,5.3,1539406627,11519599666,10592299138,25.04586614,1415190926,11.42619706,11.4747977,56.79999924,6.463,15.5420866,66.82258606,17.63502121,24.98354122,714,537.8778234
Ethiopia,ETH,Africa,80.6994,44.66957015,0.084380362,56.2571617,485.7114584,16.68673288,4.769,121552,31952763089,11.17829624,2.014438186,68,31.54601724,10.46583735,1.1,62.25285366,1.090707446,15.80285822,71.3,73.33333333,89.393063,2.60403808,89393063,1.4,,1104300,9.209358617,4.977630295,89.50774447,356830,4440917.691,57728,0.328286476,0.318961248,34.095,18809963,8.091907201,27.88347959,8.128,6353,0.007106815,829008,357.4411931,6.3,5201037,23144444961,23144445088,5.970369099,166324070.4,3.829287228,0.127456023,,,43.88509369,52.76829147,3.346614361,93.98468297,15,0.167798255
Fiji,FJI,Oceania,43.32621,11.78367747,1.423838114,,,61.07880107,2.641,10174,3646434943,2.705141495,3.537584773,94,67.16863496,20.10134244,28,69.56397561,1.66698115,83.76338399,23.8,70,47.50525452,0.85185186,867921,0.1,90.47167,18270,,1.593695561,51.3877309,4276,1276205.48,18142,1.031757496,36.31782608,21.196,8894,5.766754111,17.43456985,6.684,23250,2.678815238,129845,4201.344296,,4886573,,,4.176792376,48810551.85,3.669225742,0.829606744,,,28.93627357,66.05554962,5.008174896,12.22213214,32,36.8697151
Finland,FIN,Europe,9.215001,2.727422061,10.1640461,15707.26199,6463.986042,39.15954264,1.83,221570,2.73657E+11,2.570792586,9.27214927,97,40.01036222,28.89049245,88.70999491,80.47073171,1.369946513,165.8909009,2.9,,17.73099477,0.463558707,5388272,,107.47822,338420,19.82942972,0.619009285,51.7686303,22860,9508050,144467,0.9208154,36.4467059,11.1,3670300,68.33074672,55.95536289,9.4,1606000,29.80098288,1080000,50787.56498,5.5,5357724865,1.47027E+11,1.47027E+11,42.62985829,11166162579,7.133988914,4.917919935,22.39999962,10.861,16.43954659,65.88973236,17.67066574,35.12738449,8009,1486.376337
France,FRA,Europe,6.588401,1.840715697,5.185410609,7216.580317,3850.56329,27.80349869,2.01,160020,2.8625E+12,2.079228327,23.74894735,89,30.36550568,19.8321923,77.81999899,82.11463415,2.256658139,94.0767743,4.2,,119.3266619,0.483283973,65338149,,109.92899,549087,20.60080106,0.787879749,54.80434572,290900,64185339.34,754292,1.111590133,108.929227,12.7,63953875.1,48.60071337,48.22657957,8.4,22749000,35.77893103,40370000,43810.57818,6.4,1.05101E+11,1.59568E+12,1.59568E+12,33.80655668,80012836830,6.54424563,4.266918713,41.09999847,9.3,18.31064987,64.59767151,17.09168053,11.30477323,23171,354.6320236
Gabon,GAB,Africa,105.3978,3.40764469,1.403276216,1041.383057,1365.571876,59.14633219,4.178,220000,17830879880,6.326495719,,72,28.32595735,58.52560107,8,62.69334146,,148.6936289,60.6,43.33333333,6.186339116,2.400682103,1594034,4.3,,267670,,2.808201819,77.97779681,51600,121233.3957,3002,1.134274386,11.02516679,32.487,45186,,,9.446,4500,,22499,11186.00976,,,4598319174,5297667973,,,,,,,38.54729462,56.18682098,5.265947819,68.25587994,13,8.155409483
"Gambia, The",GMB,Africa,114.8464,,0.2430624,,,33.55086981,5.789,4818,904256027.7,-4.328681349,4.241566646,91,47.08840163,,10.8703,58.37480488,,80.76025697,79,64.44444444,171.4393281,3.181314341,1734966,1.3,,11300,,4.446913259,93.91888569,6150,0,0,0.110062763,,43.181,183189,8.577875994,9.315429735,9.962,437,0.025187813,50450,521.195244,1.1,25179,705926865.2,705926867.5,,,1.936341185,0.109698626,,,45.94257355,51.56804276,2.489558935,48.8342887,5,2.881900856
Georgia,GEO,Europe,47.6128,9.281004165,1.769150524,1917.985435,790.5621912,36.24242342,1.822,27397.4,14434619982,7.199999063,1.344284559,94,54.77406893,23.11093626,31.52,73.80978049,3.249262387,101.2829241,15.1,95.55555556,78.43783897,0.683742306,4483350,0.2,,69700,23.83340122,0.961401973,46.24150036,24690,222630,3896,1.358762422,42.34690898,13.713,404700,6.951852802,11.84316883,11.355,248504,5.681096496,1340488,3219.605871,2.91,10871872,10683558790,10706656745,4.597467413,92819087.8,4.923206794,0.296476118,,0.153,17.41201782,68.38007355,14.20795345,31.53766255,84,18.73598983
Germany,DEU,Europe,4.9902,0.80562423,8.917832846,7145.72895,3801.10411,44.80697269,1.36,110760,3.75188E+12,3.589997242,14.96353856,97,39.97399133,30.45531032,81.26999954,80.74146341,1.283020266,109.6595675,4.1,,234.6731495,0.025362128,81797673,0.1,101.7213,357140,11.38787003,0.290185263,52.13237925,167190,107042775.8,1021899.939,0.461279396,118.596041,8.1,41920400,46.73759095,40.24676318,10.4,27257096,32.88230317,51400000,45867.76648,8.2,1.83371E+11,2.09453E+12,2.09453E+12,37.56985332,94087746619,7.949477321,4.602531027,47.59999847,11.489,13.27900314,65.73222351,20.98876762,11.57817863,83639,1022.51075
Ghana,GHA,Africa,60.2352,26.02256161,0.40613603,322.35183,386.2051305,36.88999117,3.985,48246,39566292433,14.04600263,1.652005081,91,49.29652402,26.24244875,9,60.78858537,0.592259762,85.27494343,81.7,62.22222222,109.082825,2.272974825,24820706,1.4,57.09079,238540,14.86579036,3.60689212,73.31398444,159000,491583.0344,10683,0.147799757,4.066113414,31.792,2618992,26.62408958,22.07470207,9.196,65149,0.262478432,284721,1594.084086,0.9,23116796,24313045707,26167397209,,,5.707119943,0.049383416,,,38.76568604,57.69874191,3.535560131,53.4991253,55,2.215891844
Greece,GRC,Europe,11.8198,3.492548644,7.556057769,5380.459765,2404.446809,25.45338936,1.39,39332,2.88785E+11,-8.863679768,9.305958795,99,32.30304994,14.30579082,51.64999517,80.73170732,2.46832881,109.0787779,4.6,,86.29335144,-0.271503978,11123213,,107.85671,131960,21.40582108,0.195350524,50.8900691,81520,9569211.419,125477.1198,2.92314119,73.07235458,9.6,4674845,12.11480501,21.66286228,10,2464282,22.16368744,5744955,25962.36894,,1170865710,2.01646E+11,2.01645E+11,7.69820421,3092271016,4.992134436,2.011563877,49.59999847,,14.55898571,66.27339935,19.16758728,11.12405286,1745,156.879132
Grenada,GRD,North America,36.768,5.210643016,2.408045758,,,25.21408183,2.217,169.9,778518518.5,0.745473908,,95,50.80875357,15.57649667,30,72.47636585,,115.018939,12.5,44.44444444,309.0411765,0.378544535,105074,,,340,19.17221694,0.246015741,52.41666425,110,,,,49.68489269,19.464,354,15.29112953,21.31484197,7.529,14674,,28072,7409.240331,3.5,,699629629.6,699259259.3,15.00699357,23865388.15,,,,,27.21129799,65.60900116,7.178750038,10.03013556,8,76.13681786
Guatemala,GTM,North America,99.2184,11.81879893,0.765486709,543.3622968,741.163648,26.62528436,3.908,36008,47654841113,4.161945918,4.427453037,89,37.35862991,29.33342538,12.3,71.32790244,0.414299268,132.4516485,33.2,85.55555556,137.2394364,2.513214518,14706578,0.6,65.13756,108890,10.83780126,3.405356343,83.89465724,43950,326146.2062,9148,0.724207181,27.35423167,31.784,1752754,19.01011164,9.380783872,5.351,,,1626341,3240.375913,0.6,176575043,40656613661,40656742107,17.27828845,386830654.1,5.991881826,0.323696942,,,41.16143036,54.37895966,4.459609985,66.41740547,204,13.87134383
Guinea,GIN,Africa,135.5924,22.06066424,0.232605745,,,30.25425227,5.088,65080,5067360041,3.90876145,,62,48.12222138,44.84192486,1.3,55.59019512,,43.54770359,108.1,58.88888889,45.42377503,2.591148336,11161530,1.7,38.07395,245860,,3.848412356,84.49445609,142400,,,0.267628971,0.890486251,37.763,2947000,78.8213628,31.43326473,11.829,600,,18000,454.0022776,0.3,,4546141014,4546141014,49.28922202,38140000,,,,,42.65125656,54.20216751,3.146566868,76.32152139,5,0.447967259
Guinea-Bissau,GNB,Africa,104.1534,46.42271261,0.151265093,,,26.79935327,5.052,20120,1103652041,9.028655594,,69,30.84005407,13.24354478,2.672,53.79609756,1.587438745,45.10659833,131.7,48.88888889,57.76059744,2.342413752,1624228,3.9,,36130,,4.226426929,80.69645144,16300,,,0.930928027,1.373443494,38.223,218170,66.04735493,20.83802025,12.873,1000,,5000,679.4932985,,,944193533.3,944193533.3,64.3200243,28718316.49,,,,,41.72455978,55.34143066,2.934009314,88.63360596,1,0.615677109
Guyana,GUY,South America,90.98701,18.64518765,2.253385461,,,,2.638,152050,2576602497,5.437126058,0.126600671,98,,36.44035748,31,65.88007317,1.258122936,66.85662336,38.7,58.88888889,4.017688595,0.603169346,790882,1.3,105.40804,214970,,0.716366308,68.10909392,16770,340267.6232,12231,0.361662464,15.11581742,21.14,623200,51.00055633,34.00017706,6.877,20540,2.597100452,152299,3257.884864,,109036,2338171971,,34.4416418,102497742,3.624847272,0.278467901,,,37.26383972,59.48510742,3.250927448,36.10845568,7,8.850877881
Haiti,HTI,North America,42.8514,,0.220395791,31.49648994,391.6938374,13.43650736,3.28,1002,7516829496,5.523737754,,65,54.16636399,,9,62.30597561,,41.86242333,77,42.22222222,364.0371553,1.369504994,10032864,2.1,,27750,,4.100269541,67.35243242,17700,,,0.001186141,,26.376,640063,6.317672747,6.326277467,8.8,,,50000,749.2207107,,,,,,,,,,,35.75622177,59.75412369,4.489635468,79.00565049,12,1.196069238
Honduras,HND,North America,85.79099,15.29918642,1.081709663,679.9826507,612.9461084,51.25765608,3.101,50720,17710325578,3.835560728,1.632108456,95,70.95917356,27.77398472,15.9,73.17319512,1.131308428,103.6720092,23.9,75.55555556,69.50280633,2.019373494,7776669,0.5,73.78307,112490,14.78796996,3.211544313,68.31631052,32200,423655.3256,18287,0.647467109,23.0728759,26.487,635539,66.76223366,10.54032659,4.841,57290,0.736690735,614281,2277.366515,0.7,11395287,13749803088,13749797802,10.91206825,245952868.8,4.792791097,0.204277949,,,36.24258804,59.41194153,4.345459461,53.91320381,60,7.715385598
Hungary,HUN,Europe,13.6162,4.650365848,4.862989931,3895.212936,2504.334706,87.53357629,1.26,20382,1.3944E+11,1.806605435,22.73168037,99,81.37279881,30.08847102,68.01998789,74.85853659,1.055704161,116.9434928,6.4,86.66666667,110.1483155,-0.283360436,9971727,,100.77067,93030,21.08448026,0.424270889,45.98399754,53370,13729553.53,120826.2124,0.888287981,57.62711413,8.8,13678147,50.10338813,61.40523148,12.9,2313092,23.13965059,2933313,13983.49764,7.2,20649002000,73295451493,73295451493,28.94443664,6466398978,17.47813409,21.57829452,49.09999847,6.388,14.60768127,68.5006485,16.8916626,9.642452906,2193,219.9217849
Iceland,ISL,Europe,12.0504,7.540391861,5.896828979,52373.87701,17964.44357,56.35830293,2.02,308,14688160822,2.40098108,20.85931678,94,48.26964843,24.01549735,94.8196868,82.35853659,0.132753937,106.8414418,2.3,,3.182184539,0.305468368,319014,,108.55373,103000,21.25383961,0.422931386,49.53337614,15910,2150527,24488,0.096527685,75.98731062,14.1,,-262.9574604,-1047.681911,6.2,111584,34.64782085,191118,46042.37062,,156242917,7580161098,7580161098,,,4.367727239,0.067730444,25.20000076,,20.79539871,66.87522888,12.33030701,77.267506,965,3024.945614
India,IND,Asia,36.3526,18.3707112,1.698672693,713.4696733,615.661626,24.27454939,2.532,685790,1.83581E+12,6.63834773,6.8707993,74,30.74672165,33.1090504,10.07,65.9584878,2.622771642,73.19803895,57.5,76.66666667,410.7225973,1.280039961,1221156319,0.3,68.50978,3287260,8.979517267,2.392484131,53.67472797,1797990,73996912,695626,0.563457124,8.951387223,20.999,287860000,67.92565343,30.66232249,7.949,13351187,1.093323336,32835261,1503.341072,0.7,12870672544,1.05817E+12,1.03464E+12,61.83745354,85662135486,5.973562352,2.182670486,,1.711,29.79535484,65.07250977,5.132137775,39.85413004,3545,2.902986247
Indonesia,IDN,Asia,48.9634,13.78659697,2.313292898,683.9330559,842.2195308,26.32735309,2.403,937470,8.92969E+11,6.169784208,8.330497385,80,23.8526601,44.80489993,12.28,70.39156098,0.653776703,102.4626496,31.8,83.33333333,134.5803027,1.290129396,243801639,0.4,81.16273,1910930,,2.85620156,53.03737388,545000,70912258.11,599692.2761,0.581287412,24.54386936,19.633,83400154,44.04575053,34.36763984,6.289,2736379,1.122379247,38617480,3662.687044,,5727738147,4.94913E+11,4.9544E+11,34.01970474,7446285489,7.405550286,3.855039357,,,29.5938549,65.34351349,5.062628746,38.45079923,820,3.363390022
"Iran, Islamic Rep.",IRN,Asia,31.5992,,7.777322503,2653.442456,2816.106126,,1.912,110750,5.76566E+11,3.946149772,4.116372114,99,,,19,73.44931707,2.476324621,74.30366228,18.3,68.88888889,46.31376685,1.283616033,75424285,0.1,83.79658,1745150,,2.093062941,40.46334666,489570,19113946.16,161191.6776,2.195806244,35.79294759,19.112,20695843,,,5.248,2119708,,27766931,7644.305231,,652571090,,,,,4.595480543,0.011378289,,,23.60882759,71.19294739,5.19822216,0.911569389,76,1.007633019
Iraq,IRQ,Asia,69.75401,,4.208272413,1342.820313,1257.217565,44.41752304,4.147,8250,1.8575E+11,10.21408931,,77,27.75380518,,5,69.01578049,3.178756616,80.15512761,35.8,46.66666667,73.12585191,2.543534695,31760020,,,435240,,2.636203337,79.2790008,82100,761778.1744,9697,10.1543823,2.08848181,31.905,4270151,5.836035201,5.924563017,5.367,,,1794000,5848.537389,,,,94460584359,4.358610914,123000000,,,,,40.90175247,55.77898026,3.319265366,1.323947914,4,0.125944505
Ireland,IRL,Europe,9.889601,1.554242316,7.880759326,5661.168058,2887.251644,97.68694645,2.03,7478,2.37757E+11,2.772706339,21.70761977,92,77.40658305,27.50672493,74.88997297,80.74634146,0.546882262,108.479355,4.1,,66.43626071,0.364213884,4576794,,117.75919,70280,21.12064676,0.801495736,49.20147376,45550,89956333.51,635065,0.409948199,88.8062047,16.2,2511812,70.42157361,79.33511224,6.2,1070776,23.67483822,2046567,51948.34654,2.9,23751602369,1.09118E+11,1.11416E+11,64.91037945,67601705447,9.333568973,5.776495152,58.59999847,,21.46512222,67.02346802,11.51142979,7.087413904,5180,1131.796624
Israel,ISR,Asia,9.0472,,8.952413531,6930.000773,2982.622396,35.46123913,2.98,1538,2.58408E+11,4.190876897,13.9800325,97,35.9518201,,68.87387799,81.65609756,5.990893294,121.9782701,4.3,,358.8632163,1.848077862,7765800,,101.69799,22070,23.03220048,1.915582347,60.86002872,5205,5151469,47195,5.698066393,111.1010382,21.4,253715,64.16401088,46.579539,5.3,1879029,,3500000,33275.15681,3.37,8825592000,1.49021E+11,1.49021E+11,56.43417194,15453200000,8.725049423,10.68980904,18.70000076,4.932,27.34117699,62.16585541,10.49298191,9.021751593,3651,470.1382987
Italy,ITA,Europe,4.5184,2.098226677,6.702557614,5514.837297,2819.717189,26.98336823,1.44,92270,2.27809E+12,0.586820837,7.366202698,90,28.55232728,24.18670971,54.3899983,82.18780488,1.673666158,158.145883,3.9,,201.8747841,0.171978291,59379449,0.3,100.65865,301340,21.63202373,0.343066345,52.83896362,139326,33923370.51,328771.58,1.497068609,99.33593402,9.2,19521138.4,39.48266081,42.33906801,10,13518710,22.26059981,22105471,38364.94175,3.4,31191607345,1.40199E+12,1.40199E+12,31.2108426,34515045253,6.207051328,2.104651719,51.29999924,,14.0405817,65.42834473,20.53107834,11.10023485,11599,195.3369422
Jamaica,JAM,North America,71.50801,6.601649878,2.872655693,1261.186782,1063.147863,30.39154163,2.309,3366.8,14433926129,1.703150085,0.639070214,88,53.49356249,21.16644268,37.43861341,73.07639024,0.925864236,106.9237357,17.8,81.11111111,249.2925208,0.33443048,2699838,1.8,88.60408,10990,25.70472281,0.681772348,57.00395441,4490,0,0,0.232145699,28.1920207,14.69,2957.7,9.505714359,36.37338088,6.27,118269,4.293401494,270068,5346.219339,,4075020,12395913497,12395925139,7.814336666,204752326,2.872995008,0.735611735,,,28.4419651,63.69269943,7.865409374,13.87526503,131,48.5214298
Japan,JPN,Asia,5.354601,1.156953985,9.291834303,7841.303019,3614.187775,15.1275549,1.39,249878,5.90563E+12,-0.45272483,17.45941084,94,16.0343875,26.14259255,79.05411352,82.59121951,1.023639794,104.2742326,3.4,,350.6117787,-0.197526884,127817277,,101.7654,377955,9.75579172,0.601289465,58.39613372,45610,89788818,812928,0.396655549,128.4359792,8.3,11450424,59.00703896,50.04295671,9.9,35696214,28.03678653,64668524,46203.70952,,1.26478E+11,3.56165E+12,3.56165E+12,28.09495278,38588091031,10.13859864,9.228328437,39.40000153,,13.19866371,63.13285446,23.66848183,4.626105474,95087,743.9291638
Jordan,JOR,Asia,27.0654,3.326073337,3.601147064,2289.435366,1142.90309,47.65491437,3.386,975,28840263380,2.560808799,2.513028256,98,73.85898832,31.10069676,34.9,73.59187805,4.803534886,111.1631725,19.9,74.44444444,69.62153638,2.208317432,6181000,,89.05884,89320,14.95464063,2.512180248,61.37477922,10026,3267109.736,40329.1978,6.522914615,29.60654905,28.317,83042,10.43594903,7.293182039,3.706,296612,4.406556917,465388,4665.954276,,115604075,22459194225,22459194085,,,4.091323578,1.471553562,41.70000076,,34.58947754,61.96755981,3.44297719,3.021443868,156,25.23863453
Kazakhstan,KAZ,Asia,29.5674,5.472569847,15.81009754,4892.912796,4670.990783,47.59577481,2.59,33034,1.88049E+11,7.500000001,24.67344787,99,27.30176558,40.87934123,50.6,68.98,0.959310405,156.7946524,19.6,92.22222222,6.132755491,1.429659402,16556600,,,2724900,,1.148240074,46.49073375,2091150,3786453.064,40916,0.791416154,65.45022826,22.52,26825600,13.2569748,60.91294971,8.75,1193400,7.413344193,4265800,11357.94549,,2587709497,80424215391,87503552020,11.36048509,492788296.3,5.742580134,0.142425714,,,25.16856384,68.26371002,6.567736149,1.381899775,105,6.341881787
Kenya,KEN,Africa,94.93121,29.2738701,0.322830855,155.0161059,482.5154324,21.62597244,4.538,34560,41953433591,6.11161346,,87,38.82270088,21.04115417,28,60.37090244,1.541418786,66.8146089,75.8,61.11111111,73.8445567,2.697863935,42027891,6.1,,580370,15.94768599,4.363942901,82.16767975,274500,4508698.012,84955,0.180211088,9.121653563,36.104,4058581,13.96767995,26.86818171,8.789,54144,0.128828734,283546,998.228381,,,33060765132,34209645674,,,,,,0.792,42.48284149,54.89447784,2.622677326,77.12050515,132,3.140771446
Kiribati,KIR,Oceania,17.7208,26.233604,0.628100756,,,12.37790419,3.014,121.5,172260277.6,2.740007765,,90,95.20958084,6.24609619,10,68.20960976,,13.89219144,61.1,37.77777778,122.5308642,1.530033452,99250,,,810,16.33067607,1.717088682,58.45267174,340,,,,10.52014619,23.339,,13.25674535,13.13469341,6.051,920,0.926952141,8461,1735.619926,1.3,,,,,,2.063144681,,,,32.9581871,63.11032867,3.93148613,2.894788669,1,10.07556675
"Korea, Dem. Rep.",PRK,Asia,0.6386001,,2.987190359,657.1722124,567.9179382,,2,55394,,,,99,,,0,69.18880488,,4.05987652,30.1,,204.5618387,0.53232847,24631291,,,120540,,0.708221568,45.59138064,25550,78558.86155,732,9.226543971,,14.372,4710500,,,9.129,,,1180000,,,,,,,,,,,,22.30608559,68.68538666,9.008528709,15.87885888,,
"Korea, Rep.",KOR,Asia,2.2122,2.516950614,11.84075687,10161.94638,5232.439477,55.74747445,1.244,62154,1.20246E+12,3.681704667,25.7213172,99,54.25257807,38.38067857,83.75912015,80.96707317,2.568431605,107.7446102,4,,511.9761391,0.744180714,49779440,,96.72966,100030,14.43565579,0.867372471,37.30092212,17560,39911749.59,282239,2.598485353,282.493666,9.4,6243430,42.06214551,47.62300488,5.1,17859522,36.64796736,29468502,24155.8293,,1.22021E+11,6.12782E+11,6.12782E+11,16.40977293,14916500000,10.42792935,17.9854902,0.400000006,,15.72687054,72.83272552,11.44040871,1.322460379,124255,2496.110844
Kuwait,KWT,Asia,14.5976,0.406978393,29.13222464,16121.52187,10408.2795,73.21972976,2.652,63.9,1.54035E+11,9.628436082,,99,25.89954458,67.42951488,65.76907069,74.2582439,3.501496104,157.9080265,10.4,,175.3482043,4.353820281,3124705,,,17820,0.799804283,4.370116111,37.34837496,1520,3722729.503,31753,1.423661506,52.87473244,21.107,21430,37.915921,11.10133207,2.949,47000,,514696,49295.83495,,,37356111303,37351763145,35.6841726,3603038888,,,,,25.06867027,72.80751038,2.123752594,,505,161.6152565
Kyrgyz Republic,KGZ,Asia,29.3626,18.62456593,1.199591629,1649.258332,600.2852428,54.53847717,3.1,9707,6197766119,5.956274377,3.013305317,97,81.64136325,30.80969965,17.5,69.60243902,3.398730931,116.1691884,28.1,84.44444444,28.75182482,1.216890729,5514600,0.2,88.192,199949,16.12830384,1.327312564,52.35828544,106085,526018.0125,9274,0.793319318,11.93167549,27.1,1504687,37.45385777,19.27043839,6.5,39040,0.72250551,502020,1123.883168,4.79,9066445,5169090606,5169090606,21.64687478,186217234,3.82216916,0.238271609,,5.822,30.08950424,65.634758,4.275718689,25.95074017,14,2.53871541
Lao PDR,LAO,Asia,67.04101,29.51537711,0.184437676,,,37.17880887,3.2,156728,8283218734,8.038652681,,69,43.10480033,34.76731658,9,67.35495122,0.229498137,84.04519396,76.7,65.55555556,28.25525997,1.944796721,6521314,0.2,43.60191,236800,13.68232853,5.296481628,66.40537105,23780,532707,12262,3.996337361,10.61744251,27.781,4161995,8.188770768,9.730706516,6.248,6546,0.100378543,107643,1270.176338,,,5770709319,5770709319,,,,,,,36.16376877,60.09422302,3.742022038,86.52792178,8,1.226746634
Latvia,LVA,Europe,14.4494,3.923408199,3.786801437,3264.538826,2066.637569,57.83185622,1.33,33654,28319399054,4.997474341,8.242904557,88,62.81081349,18.13347048,69.74995456,73.57560976,1.048175472,111.3637843,9,93.33333333,33.1142926,-1.820767002,2059709,,98.66374,64480,9.312140417,-1.927208829,48.80158128,18160,3299391,54241,0.515583636,68.4466174,9.1,1409500,26.60436273,33.52895753,13.9,457422,22.06160457,516344,13749.22334,5.9,560578395,17379756958,17379756958,20.27594871,936100000,5.441726461,5.388582606,54.5,4.73,14.32165241,67.20362854,18.47481346,35.53508541,457,221.8760029
Lebanon,LBN,Asia,12.0778,4.125085564,4.674540418,3499.369123,1448.721248,36.22535957,1.502,1369.8,40078938640,2.004586303,2.381806766,79,64.1784869,16.125662,52,79.55892683,4.058326023,77.19001676,9.9,63.33333333,428.4252199,0.955957853,4382790,,76.12821,10450,16.31529486,1.094656935,45.33464692,6380,2029610,21306,5.032278924,39.11934983,12.998,158675,52.25619387,47.50104164,4.407,402329,,855000,9144.617616,,49364422,35552902156,35552902156,48.12880861,9468167578,2.339595133,0.949849535,,2.72,22.66052246,68.8067627,8.532783508,5.231662311,175,39.92890373
Lesotho,LSO,Africa,89.54359,6.30169209,1.08410084,,,48.3781027,3.148,442,2523356489,4.045592214,,92,103.4794113,33.11515045,4.2248,48.2197561,2.305245468,60.72157105,102.3,65.55555556,66.8483531,1.019957897,2029516,22.8,52.03724,30360,,3.019891154,70.72779459,23120,,,0.23883078,8.080941172,27.778,103965,22.40500501,15.8563995,15.582,1339,0.065976321,38579,1243.329192,,,2502877099,2464362025,20.38321014,10360938.18,,,,,37.19665146,58.57268524,4.230515957,4.236683076,,
Liberia,LBR,Africa,122.3318,,0.218418427,,,27.49957032,4.945,42990,1537753174,9.131658783,,71,92.81747549,,2.5,59.85987805,0.011948661,49.52909493,77.8,40,42.35565822,3.02864003,4079697,1.3,45.15679,111370,17.38561149,3.793440544,86.18427958,26300,,,0.144384499,1.4247579,36.568,298000,0.323300963,38.80854799,9.202,63,0.001544232,9289,376.9282803,,,1920392160,1920392158,,,,,,,43.22659302,53.71021271,3.063168764,89.39248454,5,1.225581214
Libya,LBY,Africa,2.6388,,6.39342247,3922.675081,2223.029335,54.82944514,2.467,2170,34699395524,-62.07591958,,98,44.79154406,,14,74.98746341,,163.847587,15.9,35.55555556,3.468652602,1.031329946,6103233,,,1759540,,1.250050709,51.65875187,155850,2284066.501,27770.50206,,3.598326469,21.551,275210,25.37313433,1.158996287,4.18,70000,1.146933109,1000000,5685.412227,,,,,,,,,,,29.42170143,65.93753052,4.64080286,2.256556719,9,1.474628283
Liechtenstein,LIE,Europe,,,1.410849731,,,,1.69,69,5739705822,,,,,36.12884671,85,81.79268293,,101.5994284,,,227.425,0.739232141,36388,,111.45657,160,,0.382117393,,65,,,,,10.9,,,,6.8,13595,37.36121798,19600,157736.2268,,,,,,,,,,,,,,,279,7667.362867
Lithuania,LTU,Europe,12.2736,3.808010578,4.537558514,3529.918778,2412.480702,75.06280543,1.55,21678,43485017710,6.114716102,10.21171712,94,77.61534597,24.59157994,63.6399774,73.56341463,2.736236411,162.221828,6.1,86.66666667,48.31533012,-2.258463899,3028115,,106.91848,65300,45.36711972,-2.385886237,44.27212072,28059,69445,7122,1.517112509,50.75434842,10,3225600,18.75750654,14.50511662,13.6,727699,23.9061689,711909,14360.42479,7,1520145996,27197949555,27197949555,9.660083439,541669600.8,3.696687524,2.401659967,52.09999847,7.17,15.14648628,69.31349945,15.54004955,23.09455557,775,255.9347977
Luxembourg,LUX,Europe,8.604401,0.279977916,20.8978117,15586.08423,8043.669588,185.1687322,1.52,867.5,58952460384,2.609030403,8.811916671,96,151.9955011,13.24217043,90.02985856,80.98780488,0.521098598,148.1506658,2.3,,200.1339768,2.222660503,518347,,101.01773,2590,24.67549122,2.627292677,46.07331466,1310,785200,38937,0.621890547,106.2044042,10.9,149591,24.2787092,30.51201436,7.4,169753,32.87569624,279130,113731.6515,,1106470978,18517792605,18517931610,18.48640262,13619836331,4.019119366,2.867894919,28.79999924,17.095,17.53061867,68.45886993,14.01070595,3.71949169,969,1869.404086
"Macedonia, FYR",MKD,Europe,19.0746,10.8682044,4.437580862,3824.819739,1476.854779,47.12442857,1.443,10026,10494626768,2.339892284,3.908342523,97,66.067697,25.09614999,56.7,74.8745122,1.262188002,105.1967071,8.6,78.88888889,83.42149088,0.079598569,2103890,0.1,,25710,16.999651,0.026955831,40.74986637,11180,,,0.828233657,50.24318663,10.859,554873,57.59391609,44.13931536,9.497,281565,13.38306661,422053,4988.201269,4.5,123405402,7756581524,7756581524,23.02712055,335187124,3.686389522,0.337782354,82.59999847,,17.12874794,71.04805756,11.82324123,17.82263705,59,28.04329124
Madagascar,MDG,Africa,125.1284,28.36827541,0.112992456,,,26.74280145,4.59,124960,9892702358,1.454392168,8.368643238,62,42.3336619,15.99402441,1.9,63.79890244,0.727707064,40.04243013,60.6,66.66666667,37.26215248,2.803848333,21678934,0.5,36.59524,587295,10.09643428,4.76696568,84.8434168,413950,544100.7273,12332.72727,0.196860584,1.563738556,35.175,4740084,17.98736183,39.67153657,7.202,6852,0.03160672,236863,456.3278968,,52409274,8685039757,8685039592,13.7473489,161252040.8,2.561698518,0.222589642,,,43.0681572,54.09984589,2.83200264,78.85373315,11,0.507405023
Malawi,MWI,Africa,147.2916,31.13109404,0.078048881,,,29.54934786,5.554,32040,5627896279,4.347495193,3.183313758,96,39.83681371,19.16056583,3.33,54.13995122,0.938266657,25.56405677,76.7,77.77777778,163.9534472,2.913360998,15457531,11.4,33.82338,118480,,3.701749528,95.12814936,55800,82709.54499,3172,0.097393604,3.761054478,40.499,3924971,20.83194351,29.61801285,11.98,1730,0.011191956,173481,364.0876592,1.3,4047462,4052232454,4048765789,18.74506363,16893338.1,3.53594479,0.243426156,,,45.6452713,51.24837112,3.106356382,79.24445548,6,0.388160308
Malaysia,MYS,Asia,7.1084,11.78123659,7.847738104,4087.212031,2750.65503,91.51535004,1.986,203692,2.89327E+11,5.18725089,43.38956882,95,75.10425373,40.38708293,61,74.66839024,1.661395622,127.477801,8.5,76.66666667,87.53300259,1.694209608,28758968,0.4,67.24266,330800,15.23538979,2.848121849,47.40135339,78700,38218608.85,336401,1.077443337,53.30506371,17.62,2635830,29.44790252,35.41431783,4.645,2506700,8.716237662,4522900,10060.39274,1.79,61126964506,1.36851E+11,1.36851E+11,24.66033819,8913509679,25.62321138,29.43901467,,,27.16888428,67.84198761,4.989135742,6.544373302,1571,54.62643861
Maldives,MDV,Asia,5.5356,4.122252711,3.324959935,,,98.35693991,2.314,9,2460699388,10.8308372,,96,87.42316663,18.7532666,34,77.19287805,,159.7911219,11.8,66.66666667,1106.546667,1.906823905,331964,0.1,,300,13.61766218,4.803477559,52.56962956,70,,,,20.06806068,22.292,168,2.765183251,34.14937117,3.437,17638,5.313226735,24084,7412.548914,,,,,,,5.845608781,,,,29.44927788,65.54325104,5.006567001,3.239346279,27,81.33412057
Mali,MLI,Africa,176.637,39.32890656,0.086735785,,,26.31995568,6.85,124110,10647545670,2.73011101,3.02189618,69,36.18373651,22.48666631,2.2,54.19082927,1.512673818,75.06504419,132,63.33333333,11.81515748,3.033578254,14416737,1,44.45522,1240190,15.29114278,5.212668309,99.28656669,416210,363857.3759,5580,0.241118265,3.439496982,47.577,5777891,40.11584308,22.46515545,13.699,8482,0.058834395,104696,738.554478,,5021628,7894545024,7866175144,35.93563029,147652052,2.948207925,0.087832175,,,46.96118164,50.17898941,2.859814882,83.87281381,15,1.040457352
Malta,MLT,Europe,18.3002,,6.034321639,4689.28671,2005.263436,93.60719676,1.45,3,9302635890,1.4,47.2340317,84,88.89851911,,68.01982379,80.74634146,0.600830855,122.3737909,6.3,,1300.8375,0.423700885,416268,,87.14004,320,26.4488304,0.600901506,43.45936594,103,1673765,14891,1.169965011,55.54294923,10,15800,60.60789725,68.70524788,7.8,128678,30.1808817,232203,22347.70842,4.44,1309410485,5456552907,5871785851,11.98659042,609128867.2,12.99932311,22.89231065,46.29999924,7.062,15.31067944,69.70583344,14.98325348,0.995532051,696,1671.999769
Marshall Islands,MHL,Oceania,,,1.955919611,,,,4.05,126.4,172956700,0.023608619,,88,,,10,,,,38.7,46.66666667,291.6388889,0.127712721,52495,,,180,,0.512001118,,130,,,,5.629818066,31.26012001,,38.39788143,23.81592248,3.7,,,,3294.727117,,,,,,,,,,,,,,,9,171.4448995
Mauritania,MRT,Africa,75.14301,20.26879292,0.623915168,,,58.27214088,4.783,2370,5123097509,4.385441191,,67,63.25164573,46.86316163,4.5,61.18695122,,89.52144655,95.6,63.33333333,3.592474047,2.553220311,3702763,,22.41852,1030700,,3.721391327,77.08025169,397110,381075.9236,4235,1.758896982,,34.843,202062,,,8.881,6120,0.16528198,72294,1383.587745,,,2431090745,2420173700,,,1.427962046,,,,40.38368225,56.47158432,3.144759655,33.28259082,7,1.890480163
Mauritius,MUS,Africa,31.3482,3.5940129,3.127070817,2025.704166,1053.50989,53.42356762,1.55,350.2,11252386261,3.886294035,0.796340122,99,66.35315825,25.4038138,34.95,73.26682927,0.155629375,104.7930618,14.9,73.33333333,616.9477833,0.160140421,1252404,1.2,94.37881,2040,18.43014634,-0.351227038,40.20970918,890,1321491,12353,0.429218445,41.93405797,11.7,636,34.2583815,45.90427486,7.3,118235,9.574381939,374600,8984.629769,3.4,9742400,8261896468,8261861632,31.11578284,1014674361,4.347963828,0.548654764,29.5,,20.6368885,71.32180023,8.041396141,3.364858912,150,119.769659
Mexico,MEX,North America,64.58179,3.352192924,3.908712496,2091.692535,1538.183197,31.26433439,2.248,646468,1.17119E+12,4.044614776,16.50981661,98,32.51218887,36.32215341,37.17629541,76.91417073,0.5525493,79.24118294,16,88.88888889,61.40139047,1.243298367,119361233,0.2,84.05133,1964380,,1.619077049,55.41932764,1031660,29538937,386063.9941,0.650178059,43.757052,19.15,28409477,2.652232947,6.10531275,4.496,11566069,9.689971115,19996800,9812.12651,1.5,40795369486,7.76165E+11,7.89558E+11,,,17.28432649,16.98331652,1.799999952,2.529,29.53525734,64.3420639,6.122682095,9.631669892,3079,25.79564506
"Micronesia, Fed. Sts.",FSM,Oceania,19.93,28.21253537,1.240959545,,,,3.402,641.6,310287500,2.050567151,,92,,9.216563924,22.8,68.73797561,,26.68626238,38.9,27.77777778,147.7485714,-0.188366723,103424,,,700,,-0.16460196,67.38687124,220,,,,9.118679799,23.587,242,14.40636756,22.98340821,6.225,,,8400,3000.149869,,,,,10.69184384,3736833.746,,,,,36.37937164,59.7424202,3.879177094,,8,77.35148515
Montenegro,MNE,Europe,15.8754,9.491959826,4.145547583,5752.492828,1815.529957,42.75112397,1.687,5430,4495496247,3.228277975,,91,64.92090437,18.07966819,35.61154125,74.53936585,1.76558258,186.7595594,6.2,67.77777778,46.10252788,0.105041772,620079,,91.04118,13810,,0.386883242,46.66439602,5120,523356,7707,4.97498213,66.2513315,11.902,17501,13.94727327,46.812087,10.254,64712,,170856,7249.876624,4,4085156,3707764804,3707764804,7.511009548,95833615.11,3.289655989,0.237505731,79.59999847,5.249,19.25773811,68.182724,12.55937386,43.18867712,16,25.80316379
Morocco,MAR,Africa,35.18539,15.47185619,1.763531559,830.5826081,568.0417714,35.57531893,2.652,51410,99210991483,4.985647093,6.068227714,99,48.68572041,30.24653194,46.1074826,70.40912195,3.36927039,114.019338,32.7,75.55555556,71.83379789,1.309445146,32059424,0.1,65.55798,446550,23.80384657,2.184529071,49.0858007,301038,7502696.745,69940.91248,2.118983236,21.74197466,22.322,8689245,33.90457954,26.42306073,6.335,595207,1.856574217,3566076,3044.097224,,860938797,58460302352,58460302352,20.10682341,3196796242,4.776565644,3.258272014,64.80000305,,27.92329407,67.07546997,5.001237869,11.79897461,139,4.335698608
Mozambique,MOZ,Africa,142.7106,29.78713213,0.13351434,447.0866083,417.9321272,29.54649135,5.338,388106,13197133578,7.419097731,26.48074033,82,40.8647868,20.95149543,4.3,49.48782927,0.900734863,31.95650185,97.2,72.22222222,31.25889138,2.529977594,24581367,11.1,26.28165,799380,18.60987647,3.250995977,94.64436262,494000,577019.8145,12957,0.098716692,6.352991891,40.034,2931941,29.72114357,61.74031173,14.717,21204,0.086260459,88120,536.8754951,0.7,71194000,9620126877,9643279803,23.42543431,170790750.2,1.481180282,0.018867307,,,45.37836456,51.37574768,3.245885372,88.92934164,27,1.098392941
Myanmar,MMR,Asia,12.8906,,0.199423053,150.3703012,272.7409532,,1.98,314634,,,,88,,,0.98,64.7612439,,2.375550859,54.2,51.11111111,80.13403389,0.804614962,52350763,0.7,,676590,,2.478161678,44.51527261,125580,1539676,32354,1.680374143,0,17.674,31081312,25.5648674,18.04826279,8.491,21898,0.041829381,523865,,,,,,,,,,,,25.67579079,69.19683838,5.127371311,84.51915159,4,0.076407673
Namibia,NAM,Africa,58.81241,8.902453265,1.251757065,1566.545726,692.7031617,45.52086511,3.167,72158,12411220518,5.174884438,1.605373403,74,57.46727648,30.10474625,12,63.27717073,3.574130816,98.95730464,52.6,57.77777778,2.693604927,1.758273558,2217618,14.6,,824290,23.109256,4.182057054,68.4075072,388090,540867.9,9400,1.820420325,49.71501635,26.708,117000,6.943124459,35.7076225,7.524,17610,0.794095286,159059,5596.644922,,42274443,8239660657,8239538541,6.765534454,50195730.63,3.622383708,0.626738158,,,37.14223862,59.3797493,3.47796607,33.42250069,46,20.74297737
Nepal,NPL,Asia,77.9006,38.29842961,0.159608758,115.3320693,389.1755845,8.904030421,2.496,36360,18913574371,3.421828241,0.286024007,88,32.92422422,15.44635806,9,67.54956098,1.540651697,49.17622818,43.2,63.33333333,189.4409976,1.14941008,27156367,0.3,62.72809,147180,13.25974385,3.173719757,70.5921899,42590,901116.1179,44126,1.094822983,7.385692684,22.27,8615383,45.16057083,16.86835356,6.837,94656,0.348559143,845542,696.4692431,,1916543,14142433555,14460502230,40.53576953,350014551.3,5.272071044,0.15353661,,,36.38086319,58.61932755,4.999803543,86.9455155,59,2.172602837
Netherlands,NLD,Europe,5.9908,1.673079246,10.06448974,7035.672399,4637.767016,77.35644216,1.76,3650,8.93702E+11,1.663619434,19.81420267,96,68.81677448,22.39100053,91.41999576,81.20487805,1.303254325,118.9791426,4.3,,495.0496441,0.466428782,16693074,,128.41818,41500,20.37316718,1.353807346,49.82420214,18948,29959476.4,293885.8398,0.488046138,55.86318341,10.8,1609679,55.86272095,52.1602648,8.1,6498007,38.98911966,7133000,53537.27515,,67147867601,4.01639E+11,4.01639E+11,45.64492844,49270394925,12.84826952,11.91118062,33,8.382,17.34298706,66.74488831,15.91212177,4.363888323,45911,2750.302311
New Zealand,NZL,Oceania,26.2674,6.916823839,7.124050867,9456.20438,4148.647126,30.78866456,2.06,82606,1.6614E+11,2.21839831,9.305350251,93,29.22052232,23.38432442,81.23,80.90487805,1.252022113,109.1999113,6.4,,16.64957654,0.762479795,4384000,,119.79301,267710,27.90572378,0.783365974,50.74706466,113710,13747024.21,206937,0.360124186,75.87660051,13.93,999389,25.04349047,38.70433234,6.83,1178000,26.68827707,1880000,37896.85961,2.3,661395978,96469031443,96469031443,15.9360715,2109870873,8.033816995,1.184040865,8.199999809,,20.35939407,66.33627319,13.30430984,32.19922336,7037,1605.155109
Nicaragua,NIC,North America,103.1772,20.92714985,0.829634356,528.1833845,518.4633877,42.72097317,2.585,30440,9755619761,6.231594588,5.287492195,99,64.61496535,25.62492938,10.6,74.13470732,0.527420219,81.68356887,25.2,71.11111111,49.07051687,1.414443116,5905146,0.2,,130370,14.54753049,1.91791947,62.6903161,51460,,,0.488917264,9.687163493,23.546,1009193.64,58.42321275,28.38693655,4.606,85092,1.44098046,287618,1652.053948,1.1,5994074,8143497197,8143497197,12.32465814,139700000,4.400943842,0.142928498,,,33.9208374,61.46647263,4.612688541,51.4944497,59,9.991285567
Niger,NER,Africa,205.7476,38.25071836,0.086170201,,,20.90236652,7.581,11916,6409169890,2.31140022,4.507445536,69,47.78683782,16.09122201,1.3,57.48263415,1.309803688,28.72476707,116.1,71.11111111,13.03502171,3.812910789,16511462,0.5,14.68277,1267000,,4.984882161,110.590086,437820,0,0,0.200000935,0.943293887,49.929,3762353,15.98012704,21.53372735,11.502,2114,0.012803227,85354,388.1648935,,2544017,4750671854,4747181213,14.77884084,10770004.14,3.728712855,0.272109307,,,49.92026138,47.48561478,2.594119072,81.27494678,5,0.302819944
Nigeria,NGA,Africa,120.4634,22.28919858,0.536115274,148.9284633,773.0452454,31.32980522,6.017,86314,4.11744E+11,4.887386611,1.197366687,52,21.46429968,24.81156581,28.43,51.7102439,0.579227051,57.96066304,126.2,73.33333333,180.2792417,2.769633801,164192925,3.4,,923770,1.804331165,4.777851387,88.15501121,762000,4793913.274,68014.27634,0.316451635,11.84285039,41.76,20702585,3.704277513,30.16707091,13.762,,,719406,2507.682969,,38334316,2.69397E+11,2.69397E+11,2.531056266,85723705.65,3.910269287,0.016838207,,,44.12480545,53.14766693,2.727526188,86.16954662,275,1.674859011
Norway,NOR,Europe,8.049799,1.503933448,9.192879069,23510.38383,5652.199396,41.33700433,1.88,101414,4.98157E+11,0.96877971,18.46185443,93,28.49501052,41.41239664,93.48998265,81.29512195,1.451804871,115.8117293,3.1,,13.56014762,1.297189391,4953088,,112.98291,385178,27.39030786,1.654322199,51.36175712,9980,,,0.928439527,54.48657241,12.2,1026723,33.34105513,39.718034,8.4,1826445,36.94449602,1522207,100575.1173,3.3,4510799186,2.0072E+11,2.0072E+11,27.55268866,11280635227,6.925651636,1.032231119,11.10000038,13.399,18.70364189,66.06691742,15.22947979,56.61918623,8966,1810.183869
Oman,OMN,Asia,11.204,1.255263762,21.44112651,6292.040331,8440.210409,68.67391471,2.899,20,67937581274,-1.091025209,2.622388272,99,34.42691984,72.24255417,48,76.32314634,9.814332746,158.9952836,11.6,,9.773098546,7.622887765,3024774,,97.7605,309500,2.272414057,8.325601408,39.48362778,17705,3795755,35560,3.394339974,,21.655,42513,22.66027689,35.07024145,2.804,78217,2.585879143,287323,22460.38259,,137151352,21041612484,19456176853,22.66027689,553394018.2,2.909508631,0.142685197,,5.003,25.68634796,71.69302368,2.620658636,,152,50.25168823
Pakistan,PAK,Asia,27.9938,26.02468456,0.927832445,450.1994771,482.0085649,13.96666966,3.347,16440,2.13755E+11,2.74840255,1.759879306,63,18.97323549,21.23238842,9,66.28387805,3.285650816,61.81345992,89.9,74.44444444,228.5262985,1.727447337,176166353,0.1,34.93676,796100,9.188676788,2.838795946,64.55063082,265500,7940545.076,72695,1.524339668,4.727455707,26.182,36224380,36.01654333,25.48053066,7.025,1166301,0.662045266,5721725,1213.371784,,316365305,1.73462E+11,1.7346E+11,23.44040525,1176963000,3.555264101,0.236822273,,,34.88378143,60.7715683,4.344649315,45.12952615,197,1.118261215
Palau,PLW,Oceania,,4.805298756,10.85543046,,,57.01792649,,403,201223885.2,8.317675714,,85,80.20335929,10.37173225,,,,74.95389692,18.7,30,44.79565217,0.662189585,20606,,,460,,1.708350669,,50,,,,43.02688043,11.8,,,,8.3,518,2.513830923,6916,9765.305503,,,,,,,3.871633508,,,,,,,2.679023814,2,97.059109
Paraguay,PRY,South America,68.03079,22.27583707,0.806136742,1228.188174,741.8002503,52.53558508,2.931,174034,25099681461,4.342407086,7.302681323,93,50.28702735,29.32856713,24.76351588,72.11346341,1.203385288,99.32993534,23.4,70,16.54441732,1.739897851,6573097,0.3,69.60102,406752,12.59733605,2.127263135,62.35653839,209900,845395.6888,6873.73285,0.827350081,18.3870041,24.106,5367547,14.79102956,1.389425814,5.643,120101,1.827160013,368846,3818.547248,1.3,43141808,17592974718,17592974718,2.261385671,18100000,21.56478285,0.072988296,,,33.14554596,61.59283829,5.261614323,63.11143799,64,9.736658382
Poland,POL,Europe,12.721,3.264153624,8.335786706,3879.542094,2658.354205,43.1358628,1.3,93644,5.24363E+11,4.769475358,5.873991996,98,44.89907839,33.73092994,61.94999897,76.74634146,1.803252097,131.2936783,5.5,82.22222222,124.2962969,0.053769709,38063255,,97.35535,312680,16.68666347,-0.130333015,40.20736392,147790,4448727.06,82052,0.649857318,53.38422782,10.1,26507645,44.06302757,46.49746193,9.7,6972130,18.24945259,6852599,13776.08838,6.5,8613651552,3.22048E+11,3.22048E+11,30.58198987,12501000000,7.332689507,7.043526268,31.60000038,5.837,14.92945385,71.32292938,13.74761486,10.57978326,10306,270.7598181
Portugal,PRT,Europe,13.4144,2.080291592,4.709849624,4848.279337,2162.744233,34.29134694,1.35,34598,2.4488E+11,-1.826801401,3.470126878,97,38.57252169,22.07694622,55.24999688,80.47073171,2.002649764,116.3901378,3.8,,115.2697893,-0.147084879,10557560,,111.26008,92210,20.81287259,0.838690636,49.88715401,36360,11014639,129004,1.642242776,191.7392295,9.2,1158206,25.01147358,33.76012345,9.7,2243036,21.16545125,4542561,23194.74385,3.4,1547407412,1.61191E+11,1.61191E+11,18.56701294,4779003333,5.00569421,3.825017469,48.20000076,,15.03765583,66.71685028,18.24547768,27.16249804,2380,225.4308761
Qatar,QAT,Asia,10.6396,,43.89303638,15754.86341,16745.09159,71.66602685,2.055,0,1.69805E+11,14.119,0.125016366,98,25.78996526,,69,78.29968293,,120.4784442,8.7,,164.5910422,8.812360741,1910902,,111.6167,11610,,8.971369904,16.82801915,660,14568106,109525,0.82295974,51.82048103,11.393,1700,2.043127215,17.93233103,1.426,164601,8.613785532,309000,88861.03839,,2555790,19811878022,18140515110,,,,0.021871303,34.59999847,,13.35421658,85.59586334,1.049870729,,236,123.5018855
Romania,ROM,Europe,30.941,7.477261665,4.210560124,2639.033434,1776.312161,40.03406451,1.46,66094,1.82611E+11,2.308920543,10.18358602,93,45.36647911,42.78264606,40.00999678,74.56341463,1.303249601,107.3871984,13.2,95.55555556,87.53324934,-0.491866213,20147528,0.1,95.98558,238390,17.88586285,-0.248797871,42.67255621,139820,3659209,57823,1.586687347,60.56935889,9.7,20848453,59.48146917,48.2732652,12.5,3283150,15.05415373,4680000,9063.700806,6.1,4966343987,1.31646E+11,1.31646E+11,34.99710289,4228000000,7.984901044,7.821129363,41.90000153,5.511,15.02900791,70.09055328,14.88042259,21.11273214,1148,56.97969498
Russian Federation,RUS,Asia,26.4398,4.369245659,12.64732823,6485.760845,5165.782562,30.26932185,1.58,8091500,1.90479E+12,4.264176565,7.972085575,98,21.73486289,37.42627702,49,69.65853659,3.687407987,142.0484328,11.2,90,8.729437799,0.077967098,142960868,,91.8952,17098240,14.98811969,0.139017852,39.18416141,2152500,50555805,596042,1.773581169,116.9765295,12.6,91792153,47.48622846,41.83657088,13.5,17634806,12.29436224,44151461,13323.88338,,5443361073,9.3344E+11,9.22509E+11,30.74495004,17844080000,7.156679102,0.237297233,32.90000153,,15.14901638,71.84725189,13.00372696,3.227756872,3850,26.93044645
Rwanda,RWA,Africa,35.4434,32.34529381,0.059557451,,,14.43057722,4.728,4450,6406727230,7.851934941,3.361839147,95,29.61518461,14.40457618,7,62.92241463,1.176638066,39.89652123,58.7,67.77777778,451.7355087,2.798802787,11144315,3,31.53877,26340,13.14554758,6.768710009,87.03845274,19200,268376.55,7265,0.653360513,2.687252409,36.37,857282,18.38939226,8.090452731,7.532,8645,0.077573184,38901,574.8874857,,1308330,4997447137,4997447137,8.594085999,38548192.82,7.042672918,0.46714622,,,44.23590851,53.4649353,2.29914546,86.75161516,10,0.897318498
Samoa,WSM,Oceania,28.9356,,1.252143478,,,28.69947525,4.277,1710,762098813.4,5.778544297,0.200717053,67,48.66424636,,11,72.69578049,,,18.5,48.88888889,66.22932862,0.749753149,187429,,86.37359,2840,0.020474444,-0.356716976,75.87714771,350,,,,27.56743284,27.366,,23.63111045,25.9552878,5.523,,,,4066.066689,,71333,,,11.23876125,21025810.01,2.761717557,0.512603796,,,38.06774902,56.85726166,5.073921204,23.15207421,4,21.34141462
San Marino,SMR,Europe,,,,,,,,0,,,,83,,,49.6,83.32321508,,114.2263592,3.3,,517.4666667,0.604114325,31048,,94.94787,60,,0.621429222,,10,,,,,10.2,,,,6.9,6538,21.05771708,18685,,3.85,,,,,,,,,8.318,,,,,52,1674.826076
Sao Tome and Principe,STP,Africa,67.37399,19.77992935,0.560528887,,,11.81813043,4.217,270,248286778.2,4.943449338,2.001836969,91,59.23883187,15.92683544,20.1612,66.00326829,,62.8015526,54.6,61.11111111,190.809375,2.738926899,183177,0.8,60.89987,960,16.59243015,3.851946173,82.20847301,487,,,,17.75750762,35.524,1084.5,8.031834086,3.237418908,7.014,737,0.402343089,7960,1355.447344,2.9,4359,204464098.2,204464098.2,7.859533922,1446010.174,6.298293874,0.095140697,,,41.58819199,54.88188934,3.529373169,43.21514031,3,16.37760199
Saudi Arabia,SAU,Asia,10.4868,1.918347838,18.74082287,8161.199476,6412.796567,56.19425248,2.763,9770,6.69507E+11,9.95898847,0.556714349,98,29.57058929,63.84111684,47.5,75.288,7.248760281,194.5123877,16.6,,12.91429369,1.829712797,27761728,,,2149690,,2.090084202,49.5147858,1733550,23135735,193536,2.479701798,60.69581428,20.321,1414016,3.013424492,34.14961444,3.268,1923387,6.928196256,4633158,24116.17413,,206151461,1.81803E+11,1.81803E+11,2.915781317,334986666.7,7.994285139,0.11156081,,,30.1729641,66.88301849,2.944020748,0.009115813,605,21.79259159
Senegal,SEN,Africa,95.14359,15.65063513,0.589493364,199.2387968,311.8446489,25.16680938,5.019,84330,14440676929,2.066645293,0.563647418,84,41.68648996,24.867902,9.8,63.04258537,1.594040937,70.16017194,61.9,66.66666667,69.2397912,2.893308216,13330737,0.5,41.00445,196710,18.88593416,3.523567736,87.42607941,95050,391401.4,5251,0.323728911,4.574255316,38.369,1101010,42.94160218,23.45933308,7.807,92713,0.695482928,346406,1083.261708,,5703457,10644874926,10644874926,32.26843614,376487958.5,2.677623039,0.442567647,,,43.58639145,53.35437012,3.059245825,49.568701,18,1.35026293
Serbia,SRB,Europe,17.3604,10.68572879,6.799114997,4489.57085,2237.376071,33.97611231,1.4,27604,46466728667,1.401465736,,93,49.37352886,29.4983497,42.2,74.53658537,2.124010495,130.248336,7.3,83.33333333,82.7132289,-0.789468998,7234099,0.1,91.4569,88360,20.19942118,-0.698954368,43.88578241,50610,1149102,17303,0.89616803,46.77977192,9.1,9082252,51.74843971,41.00365776,14.2,970407,12.4134366,3030432,6423.291783,,262692393,35830676063,35830771517,38.49894208,1623826715,3.924322721,1.415044681,73.69999695,,16.65744781,69.49956512,13.84298038,17.67215106,210,29.02918525
Seychelles,SYC,Africa,56.98619,2.221393009,6.835706362,,,95.76978903,2.4,407,1065816209,7.894705851,,99,111.3887737,13.70749614,43.16400446,72.72439024,0.817465752,137.903463,14.3,56.66666667,190.0891304,-2.628656355,87441,,76.00604,460,31.49129445,-2.071687821,42.47865476,30,393834,14202,,45.55892639,18.6,,0.374867993,20.93213405,7.9,9412,10.252835,27912,12188.97553,3.6,,,,8.030355364,37386099.35,,,,,22.18324852,70.18704224,7.631891251,0.507942342,116,1326.608799
Sierra Leone,SLE,Africa,104.3412,57.06502119,0.153169615,,,16.32461119,4.861,27064,2932106327,5.961211231,,83,56.02916987,7.981419589,0.9,45.10258537,0.86886932,36.43343754,170.5,48.88888889,81.26199778,1.954274762,5865491,1.6,45.66849,72300,10.92814758,2.777207833,80.3623489,34350,48789,2085,0.459001144,0.411264911,37.697,1214895,50.42281707,32.85644147,17.629,,,16000,499.8910283,,,2566282812,2566115224,49.81424923,78078936.75,,,,,41.96339417,55.44393539,2.592655897,80.34598061,4,0.681954844
Singapore,SGP,Asia,6.0282,0.037743284,4.320151436,8657.136794,4993.097787,201.2716199,1.2,23,2.7537E+11,6.207448728,45.15697135,95,174.8739366,26.40681473,71,81.74390244,3.240114507,150.1160495,2.8,,7405.285714,2.08576428,5183700,,,714,13.29546258,2.08576428,35.61519585,7.3,26509929.14,144696.8755,5.077443046,58.63053931,9.5,,32.9839593,46.15017864,4.5,1408200,27.12154021,2018100,53122.24973,2,1.26435E+11,98539653980,1.01003E+11,23.50462393,27871976745,23.54167751,28.91076562,20.10000038,,16.91978073,73.73806,9.342159271,0.490260318,3148,607.2882304
Sint Maarten (Dutch part),SXM,,,,,,,,2.03,,,,,,,,,,,,,,983.3823529,-5.919677828,33435,,,34,,-5.919677828,,,,,,,,,,,,,,,,,,,,,,,,,,,,,,,
Slovak Republic,SVK,Europe,16.8314,3.404113435,6.367545917,5347.526223,3213.949767,85.32051118,1.45,19332,97525437865,2.704198974,7.104378047,98,86.21461293,35.67021432,74.43999717,75.95853659,1.087446087,109.9775874,7.8,83.33333333,112.2605224,0.128936463,5398384,,93.53806,49036,12.47543506,-0.375189696,37.97219179,19297,34859,990,0.5856484,52.4293427,11.3,3717381,29.66950706,31.90164251,9.6,953098,17.51936904,1056025,18065.67259,6,4717976058,56009452321,56009313317,24.51497751,1605018253,11.53101461,16.0958339,63.90000153,,15.02779388,72.47831726,12.49381256,10.35755146,891,165.0493926
Slovenia,SVN,Europe,1.447,2.288540479,7.504259702,6806.170759,3547.122211,70.4182986,1.56,12550,51248818460,0.612801297,5.803878003,96,68.42065292,30.90619725,67.33999481,79.97073171,1.298835859,105.1696645,3.2,,101.9286495,0.207732702,2052843,,97.94894,20270,17.33391373,0.023701941,44.78882339,4585,972711,21370,1.180702059,104.5988816,10.7,611000,29.36056465,49.14798446,9.1,494372,23.97592184,881239,24964.80172,4.6,1403283011,28587711982,28587711982,21.51860799,1469911379,3.965986068,1.923524224,44.20000076,8.459,14.07617664,69.06606293,16.85771561,17.7199138,889,433.0579591
Somalia,SOM,Africa,113.7292,,0.058107048,,,,6.769,66702,,,,46,,,1.25,54.35795122,,18.16731553,154.7,23.33333333,15.79351388,2.780868341,9907903,0.5,,637660,,3.962832639,101.4507732,441290,177005.4,2815,0.109751601,,44.652,118913,,,12.774,,,90000,,,,,,,,,,,,47.54405594,49.63990784,2.816014767,94.19526879,2,0.201859061
South Africa,ZAF,Africa,52.5216,2.517080869,9.257216472,4606.207081,2752.228574,30.44439982,2.438,92410,4.16597E+11,3.212451755,5.036080249,78,29.57684841,29.93634142,33.97,55.29565854,1.10278667,123.1976544,47.5,81.11111111,42.49765393,1.488461432,51553479,18.8,98.45029,1219090,25.15893543,2.333510361,53.72212935,963740,16407784.96,191506.8663,0.416713106,58.86087242,21.316,12918562,16.94887267,29.43843111,13.547,907000,,4854000,8080.865243,,2240607495,2.47461E+11,2.50065E+11,14.6408223,2539649741,8.188333002,1.020989067,32.90000153,,29.60392189,65.05244446,5.343634605,17.10915148,3737,72.48783346
South Sudan,SSD,Africa,79.299,,,,,66.07643197,5.101,148195.9,17826873819,-4.638970408,,62,27.15008545,,,54.04556098,5.905252203,17.33918627,106.7,,,4.332733137,10381110,2.3,,644330,,5.263710274,85.17986215,285332,,,,0.586970015,36.934,,,,12.455,4,,2200,1717.241588,,,6943569381,6943569381,,,,,,,42.56080627,54.00154877,3.437638283,,,
Spain,ESP,Europe,11.049,2.460515092,5.790764234,5599.377374,2686.8704,28.79373704,1.34,183493,1.49451E+12,-0.617622686,6.467231061,97,29.03854078,24.927931,67.6,82.47560976,0.935592993,113.0635394,4.4,,93.71029872,0.355338396,46742697,0.4,128.51477,505600,9.348675111,0.64938946,47.81329885,275342.5,52736140.93,535074,0.916164687,149.2491005,10.1,22040441,36.27692232,50.21375802,8.3,11167809,24.00950447,19889038,31973.01908,3.1,13369605149,8.65375E+11,8.65375E+11,30.22848967,42743631259,5.23550357,1.532128861,41.59999847,,15.0607996,67.65290833,17.28628731,14.74976708,13164,281.6268817
Sri Lanka,LKA,Asia,17.9842,12.1003076,0.72992084,490.8237098,494.9797786,23.055064,2.347,18454,59180578839,8.245909534,1.02153345,99,37.6083186,29.90316985,15,73.89929268,2.960274054,87.54590803,10.3,76.66666667,332.7858396,1.040421697,20869000,0.1,99.09557,65610,12.41894893,0.974899568,49.49416318,26200,3665394,26052,2.59620807,14.47754997,18.332,4038207,24.45874933,10.98464073,7.017,359000,1.715607517,3608392,2835.812873,,70746485,41318540333,41318540333,22.89323839,706000000,3.542381217,0.387768178,45.70000076,,25.1320591,66.89222717,7.975692272,59.46252831,126,6.03766352
St. Kitts and Nevis,KNA,North America,,1.758321075,5.053538729,,,33.99542777,,110,728050629.6,1.695117941,0.123009243,99,51.4080141,25.97460093,63.2,,,145.3625569,10.9,61.11111111,203.7346154,1.175445301,52971,,94.48109,260,20.75557729,1.205840781,,60,,,,81.99662236,,,18.72150914,35.1213287,,12600,,19800,13744.32481,4.8,36481,511528666.7,519152703.7,14.30232881,25005822.22,5.867519761,22.52237601,,,,,,,64,1208.208265
St. Lucia,LCA,North America,57.328,2.546275937,2.270512241,,,44.42249211,1.96,470,1289531852,1.241586398,,91,63.29615743,15.62126138,44,74.55295122,,120.7836181,15.2,60,293.8868852,1.050846863,179271,,94.63983,620,23.45094516,1.048562149,50.12980487,110,,,,45.96439936,16.028,0,8.85459004,22.3629256,6.932,21340,11.90376581,35904,7193.198297,1.6,,990113777.8,990113777.8,8.799419171,33488230.37,,,,,24.7580471,66.60865021,8.632740021,2.306924096,21,117.1410881
St. Vincent and the Grenadines,VCT,North America,55.392,7.456673469,2.179604415,,,26.9990302,2.046,267.8,677039407.4,-0.480673797,0.001848139,97,55.62730524,18.83059374,43.01,72.29943902,,120.5309217,20,53.33333333,280.4025641,0.037498914,109357,,103.55383,390,22.54368475,0.762136166,48.95663071,100,,,,25.98913402,16.846,691,24.34329975,16.91389587,7.18,13249,12.11536527,22723,6191.093459,2.7,99,590750185.2,591382629.6,23.98738878,33431836.67,3.571967606,0.665115285,,,26.11081123,67.13424683,6.755854607,5.134517103,14,128.0210686
Sudan,SDN,Africa,88.49621,25.43847934,0.354150545,143.4460238,355.0787679,17.5676328,4.563,550752.1,67326793943,-1.967729268,0.69540684,87,15.54403895,27.35184807,17.30391318,61.67941463,,68.77724454,81.1,44.44444444,19.70203409,2.161264459,36430923,0.2,36.98088,1879357.5,,2.487218415,81.63030189,1086788,947031.4561,16727.08824,2.333195707,3.511975591,34.379,5598000,29.31379656,2.024237146,8.526,17430,0.04784397,483617,1617.597384,,294501,46169934760,44481237052,6.323692991,52660177.91,3.677146444,0.007280853,,,41.77163315,55.05688858,3.171470642,63.99273545,1,0.021362029
Sweden,SWE,Europe,6.4248,1.630472387,5.518421481,14030.16315,5274.643613,46.68289496,1.9,282030,5.63113E+11,2.664408163,13.37657781,97,41.97863193,28.23954345,92.76998606,81.80243902,1.123181599,121.2222926,3,,23.02776478,0.755150134,9449213,,96.91104,450300,20.84783118,0.936036801,54.07710563,30660,,,0.422784638,45.22949994,11.8,4651000,60.96548926,54.51685236,9.5,3027459,32.04011233,4482202,59593.6848,2.7,18499493586,2.60706E+11,2.60706E+11,46.80961586,29500039574,10.67239635,9.166805761,16.79999924,,16.56199455,64.902565,18.53543663,46.54413956,13720,1451.972773
Switzerland,CHE,Europe,2.4206,0.726685378,4.625229924,7928.317054,3206.957613,65.7753983,1.52,12446,6.96312E+11,1.804553114,24.85503126,93,57.30103337,26.60947367,85.19302818,82.69512195,0.714349481,127.383212,4.4,,200.2327665,1.111878943,7912398,0.4,96.18763,41285,9.759123506,1.163439288,47.21801313,15229,24866065,244994,0.503784051,98.89823879,10.2,973386,43.7624165,61.78109186,7.8,3078338,38.89147463,4898770,88002.61459,5,50124292139,3.7547E+11,3.7547E+11,22.45022448,24212610897,5.585439531,1.468473782,38.29999924,17.359,14.90337563,67.92646027,17.17015457,21.31070784,16901,2136.014897
Syrian Arab Republic,SYR,Asia,42.1916,,2.625979411,1606.16157,910.5096077,,3.04,4970,,,,80,,,22.5,74.77058537,,59.24043734,15,60,119.5974296,1.972868576,21961676,,73.91929,185180,,2.669108625,64.79111504,138640,1433766.695,15455.40762,2.888227229,7.39710593,24.662,4827927,,,3.737,121300,0.55631068,4289000,,,,,,,,,,,,35.48897171,60.68287659,3.828142166,1.873240334,5,0.227669327
Tajikistan,TJK,Asia,43.20961,27.20812645,0.356149254,1784.039361,279.2364537,17.85194845,3.807,4100,6522755783,7.4,,98,67.17264967,22.4798433,13.03,67.13521951,1.093741167,80.9228584,51,75.55555556,55.83631037,2.428844468,7814850,0.3,85.55246,142550,,2.49291714,63.99439953,48550,846967.3803,7320,0.481165329,6.6352147,32.902,1034798.1,60.99266693,18.26292001,6.584,5020,,380000,834.661674,5.5,,6275824172,7512087780,48.51867236,273876130,,,,4.476,35.78025055,60.97771454,3.242071152,60.25280939,4,0.511846037
Tanzania,TZA,Africa,124.2546,31.2886594,0.157503158,89.31151115,454.9641851,20.75641834,5.359,330246,33561501962,7.904507572,5.404941572,93,36.03873747,24.2956675,3.2,60.07465854,0.916153034,55.36980391,57.2,72.22222222,52.33078234,3.025103557,46354607,5.4,,947300,12.28236353,5.428932333,92.29883413,373000,914932.0376,26332.30059,0.124552789,4.690500036,40.17,7955143,14.20825328,9.568402021,9.18,28268,,161063,745.6113309,,40986194,21975431988,22895038499,13.86754538,319000000,3.658167365,0.15203262,,,44.85487366,52.00239563,3.142731905,89.58421068,23,0.496175062
Thailand,THA,Asia,40.9232,13.34214537,4.556738121,2315.98821,1789.388652,76.94351893,1.427,189868,3.45672E+11,0.077086894,20.74201849,98,72.40697319,42.96588639,23.66992562,74.00890244,1.594858756,116.331131,14,83.33333333,130.314416,0.261720362,66576332,1.2,87.37352,513120,17.55212296,3.199096793,38.88167764,210600,31940491.98,227322,1.213384949,88.40813708,10.748,41473425.2,18.99170241,31.97936064,7.474,3895000,5.850427446,6661000,5192.113231,,33264733346,1.88341E+11,1.92117E+11,17.14673747,7128347233,11.91912197,15.57398749,9.199999809,,18.86188126,72.0037384,9.134379387,22.27235585,1151,17.28842616
Timor-Leste,TMP,Asia,54.9258,17.14031972,0.16364808,,,9.617097061,5.5,7308,1123000000,14.66809422,,62,127.5155833,23.09058615,0.9,66.49180488,1.828138914,56.02069885,59,52.22222222,75.34579691,4.938169461,1120392,,56.61771,14870,,7.1634943,100.1733034,3600,,,0.583579051,2.88222673,36.153,148080,26.08987166,84.32056072,6.085,550,,3054,1002.327757,,,724000000,703000000,,,,,,1.112,46.88938141,49.95681,3.153992653,,3,2.677634257
Togo,TGO,Africa,91.2336,30.76088842,0.324076867,137.3544877,484.0914456,39.4346813,4.746,2672,3756023048,4.883763946,0.207261532,72,56.33009206,15.53989442,3.5,55.80765854,1.571312502,41.64413476,90.2,54.44444444,118.9980511,2.602836899,6472304,2.6,54.94052,56790,16.44379747,3.865730658,80.88221773,37200,832351.1564,10745,0.306094338,3.195230204,37.197,1057893,23.97785717,17.31904423,11.068,34039,,60273,580.3224088,0.7,782525,3209377521,3345230961,20.29166052,103234155.9,4.520449795,0.070505008,,,41.97432709,55.28459549,2.741079569,69.12701278,13,2.008558312
Tunisia,TUN,Africa,4.822999,8.914020885,2.402455639,1335.513126,888.6221402,49.18812297,2.15,10224,45951389300,-0.508302869,5.602844497,96,56.38309713,31.60961975,39.1,74.34390244,1.556509856,115.2010779,16.5,77.77777778,68.70365602,1.19412,10673800,0.1,91.08627,163610,21.12843486,1.445572114,43.51772895,100720,3153388.977,32179.9169,1.23463933,21.72226551,18.8,2342023,20.77091343,16.68007572,5.9,559358,5.201843231,1217781,4305.063735,,732232913,30289250832,30175375212,10.75581395,496738371.2,6.625126445,7.376833321,,,23.31550217,69.67781067,7.006694794,13.35062411,206,19.2995934
Turkey,TUR,Asia,32.6044,9.007594496,4.391547759,2709.262114,1535.911565,23.97664132,2.08,114528,7.74754E+11,8.772747615,1.83861323,98,32.64746284,27.47182275,43.06571043,74.5404878,2.210966165,89.41002295,21.7,85.55555556,94.92696231,1.268772127,73058638,,88.85072,783560,20.14173948,2.067383463,50.38412994,382470,53500303,420222,2.300786972,58.84386321,17.439,35195055,8.112286212,18.06988863,5.729,7591367,10.39078637,15210846,10604.5524,2.5,1921400175,5.51544E+11,5.51544E+11,1.616656164,667000000,3.825922127,1.657657367,26.5,2.402,26.35121346,66.49637604,7.152406693,12.79332161,10494,143.6380459
Turkmenistan,TKM,Asia,18.5772,14.54882621,12.18367613,2443.863592,4838.796256,74.69608644,2.381,41270,29233333333,14.69934708,,99,43.53129946,48.44016501,5,65.16360976,,103.7858737,59,38.88888889,10.86686953,1.274529965,5106668,,,488100,,1.902718079,49.13866568,326600,160243.7654,1617.841311,0.994594829,,21.66,1558000,,,7.759,1100,,547000,5724.541586,4.07,,2278300213,2278300213,,,,,,,28.87507057,67.05166626,4.073223591,,1,0.195822403
Tuvalu,TUV,Oceania,,27.58989064,,,,,,10,39313508.69,8.453323926,,98,,9.499311237,30,,,21.63754571,31.1,,328.1333333,0.172843315,9844,,,30,,2.003927706,,18,,,,,,,15.42172239,56.33893687,,450,,1450,3993.651838,,,,,11.70216866,508582.8655,,,,,,,,,,
Uganda,UGA,Africa,131.3044,,0.108085953,,,18.43655526,6.06,28998,18661302215,9.673224959,21.93999778,75,33.53799018,,13.01354333,58.01753659,3.25344911,47.50472743,73.9,70,175.9074321,3.358517286,35148064,7.2,25.34471,241550,13.3967997,5.461547118,104.6914722,140620,141603,4879,0.334102006,3.677628169,44.152,3536000,28.59989137,30.16541867,9.865,35514,0.101041127,464849,530.9340001,,148932234,13789850237,13793003647,11.49488906,204421531.5,7.816613359,6.352075067,,,48.70862961,48.85401535,2.437360525,90.3336788,52,1.479455597
Ukraine,UKR,Europe,26.694,9.492159871,6.262351962,3662.443306,2768.923973,49.81634488,1.459,97310,1.6316E+11,5.200000009,4.392417637,67,56.42546756,29.07805209,28.70826284,70.80926829,2.258323327,121.3388196,11.2,88.88888889,78.89611959,-0.359480081,45706100,0.9,93.906,603550,18.5150528,-0.083242206,41.98512213,412810,5477654.918,76652.26818,0.927998102,83.94627985,11,56255900,32.64138132,27.71377067,14.5,3170384,6.921824579,12680881,3569.757027,,1908273982,1.078E+11,1.09007E+11,17.92279844,3812000000,2.58609117,0.891249774,28.39999962,6.406,13.99992371,70.42990875,15.57015991,2.733010228,810,17.72192333
United Arab Emirates,ARE,Asia,28.0744,0.73305774,19.99797997,10312.04594,7168.749109,90.61178299,1.841,3183.6,3.47454E+11,4.885270662,,94,72.5162127,60.05391764,78,76.781,5.52065988,131.3980376,8.7,,106.7595215,5.570268288,8925096,,,83600,0.324385123,5.950250826,16.71934129,3973,50342891.8,269521,0.844172397,54.34754267,15.578,132645,,,1.062,866968,9.713822686,1825496,38930.00694,,66644653,1.80194E+11,1.80194E+11,,,,,,3.16,13.98949623,85.67559052,0.334898353,0.14191744,1423,159.4380609
United Kingdom,GBR,Europe,25.776,0.639845505,7.085732086,5472.603879,2955.03962,30.87464308,1.91,28882,2.59202E+12,1.645120728,21.39265923,90,32.34743401,20.97464064,85.37999855,80.95121951,2.325386959,123.6041988,5,,261.4761212,0.781677289,63258918,0.3,97.37735,243610,25.78747179,1.110769713,52.42688788,171640,111598546.1,1062692,0.513041172,124.3996428,12.8,21484500,40.99153873,42.47821673,8.7,20588901,32.98080381,33252352,40974.70814,2.9,69611885161,1.66496E+12,1.66496E+12,32.10017935,97889542196,8.231434526,4.667375447,33.40000153,9.472,17.54314041,65.60522461,16.85163689,4.107318765,99758,1576.979233
United States,USA,North America,32.7346,1.362335156,17.02021634,13240.35799,7029.184189,13.57378557,1.8945,3044048,1.55179E+13,1.601454273,18.0913116,92,17.311334,20.55663394,69.72946076,78.64146341,4.583975977,94.44042596,7.2,,34.07754667,0.764677599,311721632,,93.55017,9831510,9.703616321,0.972454438,49.38454437,4112625,730796000,10057768,0.964312728,,12.7,386815964,46.29377675,39.64882526,8.066,88317000,28.04499973,143319000,49781.35749,2.9,1.45273E+11,1.06893E+13,1.06893E+13,22.57769056,1.41738E+11,12.84218314,9.499539449,31.29999924,,19.73120117,66.94132996,13.32746983,8.185442547,487069,1562.512672
Uruguay,URY,South America,58.871,10.61802142,2.297642136,2810.119504,1308.167375,26.42214943,2.068,17888,47962439304,5.162133026,6.122160102,95,26.85641705,25.51512853,51.40466106,76.76426829,1.755696239,140.6072022,12,94.44444444,19.33199634,0.340583691,3383486,0.7,,176220,19.1018313,0.550088492,56.78002032,143780,,,1.477363826,39.5434859,14.672,4447708,15.61184396,23.48610444,9.331,472876,13.9759999,964859,14175.45079,3,134229147,32034831668,32034831673,15.39529298,553335247.9,5.256390139,0.059064586,,,22.26904488,63.78371429,13.94736099,48.59397182,237,70.04610038
Uzbekistan,UZB,Asia,40.768,19.10070878,3.914921266,1625.970538,1609.549854,33.08135115,2.3,32716,45324319955,8.299999999,,99,31.24423345,32.58476072,30.2,67.98039024,,90.3737516,45.4,61.11111111,68.96897038,2.684015505,29339400,0.2,105.16976,447400,,2.634267264,50.66269835,266600,2275947,23773,0.536503713,4.362407332,21.5,7063268,,,4.9,147760,,1927735,1544.827773,,,23737193332,23737195081,,,,,,,29.29603767,66.37342834,4.330530643,2.240146733,13,0.443090179
Vanuatu,VUT,Oceania,45.3856,25.63308147,0.591505431,,,44.33987555,3.456,4400,792149995.8,1.20747585,53.9694268,52,49.96543112,10.88647213,9.2,71.12804878,,56.64535235,18,53.33333333,19.83412633,2.292199748,241778,,,12190,15.98577738,3.523848859,71.79714923,1870,240396.4377,11218.29767,,28.59669983,27.175,783,3.559315894,15.11838601,4.834,337,0.139384063,5873,3276.35267,,2817944,476041094.2,476789955.6,3.314699008,9478509.106,3.12119358,0.042726557,,,37.80782318,58.20794296,3.983819962,34.18090054,54,223.345383
"Venezuela, RB",VEN,South America,84.55739,5.432203664,6.400457516,3327.895595,2392.646664,29.94301461,2.444,459874,3.16482E+11,4.176425359,2.79617388,86,19.69510699,52.69964761,40.22,74.33097561,0.753524678,97.56403127,15.7,78.88888889,33.44552463,1.562421503,29500625,0.6,83.23877,912050,,1.608597455,53.7170603,212500,7728281.254,83106,0.847768434,40.80583071,20.386,3010273,15.41617819,46.65073359,5.215,1815638,6.154574691,7332413,10727.98257,0.9,50439651,1.74578E+11,1.74578E+11,12.61892839,252000000,6.171319052,0.007372637,,,29.14921379,65.05458832,5.796199322,12.35626031,236,7.999830512
Vietnam,VNM,Asia,29.5766,20.07945664,1.971889173,1099.009563,692.4411202,79.39084443,1.794,139410,1.35539E+11,6.240302749,14.49101566,96,83.52364724,37.8989964,35.07,75.45790244,1.982099234,141.5998702,25.2,71.11111111,283.2908698,1.038502231,87840000,0.4,,330951,,3.112788731,42.16190944,108420,16544477.83,135905.6729,1.00513853,19.76653267,16.157,47235962.56,,,5.643,3838206,,10174849,1543.02695,,9118403941,89926839674,92805275540,,,10.1745225,11.63750249,,1.137,23.11778069,70.34233093,6.539888859,35.52946563,411,4.678961749
"Yemen, Rep.",YEM,Asia,48.8956,,0.956709703,193.4843865,297.1518532,,4.348,5490,31078858746,-15.08839309,0.316456487,71,,,14.905,62.7184878,5.187233056,50.06821515,56.1,47.77777778,44.1392617,2.349709709,23304206,0.1,46.23057,527970,,4.130061793,78.82468946,234520,1492073.329,20176.72853,2.091763654,3.670280347,31.873,816555,11.71709132,31.14886997,7.392,109000,0.467726727,1075000,1333.615861,,678967,,,10.26832706,130134000,0.994449125,0.006342143,,,41.30918121,55.92070007,2.770135164,0.988630664,10,0.429107089
Zambia,ZMB,Africa,128.2664,10.19686624,0.223509065,599.9796388,632.2330186,38.06904025,5.773,493014,23731726500,6.338446147,24.80057046,83,31.82256984,35.94178923,11.5,55.83314634,1.302959235,59.88466455,95.9,60,18.34003148,3.104896536,13633796,13,,752610,15.96311448,4.204068542,97.93668923,234350,306034.3,11497,0.286347076,7.188094405,43.119,3373681,13.4269509,22.53016251,11.24,16415,0.120399337,85727,1740.654364,,221453792,,,8.113264181,30384545.75,2.96948794,0.040091852,,,46.83728409,50.52121353,2.641516685,90.45501956,21,1.540290026
Zimbabwe,ZWE,Africa,62.7284,13.20622854,0.738135818,628.5773402,699.074718,32.46964316,3.643,152970,10956226611,11.90540789,1.207209459,92,78.46165272,32.68663932,15.7,55.94621951,1.811189263,68.86878087,94,54.44444444,34.53208737,2.131742299,13358738,15.7,,390760,,1.584987213,81.09345238,163200,279347.6184,10020.70561,0.744416801,4.18592263,31.905,1698627,,,10.591,34000,0.25451506,356000,820.1543148,1.7,8927467,11737090163,11736980919,,,2.836947106,0.032962234,,1.335,40.80686188,55.22010422,3.973025084,75.7740042,17,1.272575299
